date,open,high,low,close,volume,adj_close,fetched_at
2022-01-19,831.0,831.0,831.0,831.0,1,831.0,2026-09-03T19:34:53.443313+00:00
2022-01-23,847.6,914.1,847.6,914.1,65,914.1,2026-09-03T19:34:53.443313+00:00
2022-01-24,932.3,1005.5,932.3,1005.5,82,1005.5,2026-09-03T19:34:53.443313+00:00
2022-01-25,1025.6,1106.0,1025.6,1106.0,70,1106.0,2026-09-03T19:34:53.443313+00:00
2022-01-26,1128.1,1216.6,1128.1,1216.6,324,1216.6,2026-09-03T19:34:53.443313+00:00
2022-01-27,1240.9,1338.2,1240.9,1338.2,111,1338.2,2026-09-03T19:34:53.443313+00:00
2022-01-30,1364.9,1472.0,1364.9,1472.0,585,1472.0,2026-09-03T19:34:53.443313+00:00
2022-01-31,1501.4,1619.2,1501.4,1619.2,8304,1619.2,2026-09-03T19:34:53.443313+00:00
2022-02-01,1651.5,1781.1,1651.5,1781.1,4057,1781.1,2026-09-03T19:34:53.443313+00:00
2022-02-03,1816.7,1959.2,1816.7,1959.2,2373,1959.2,2026-09-03T19:34:53.443313+00:00
2022-02-06,1998.3,2090.0,1763.3,1763.3,20169,1763.3,2026-09-03T19:34:53.443313+00:00
2022-02-07,1730.0,1830.0,1610.0,1720.0,4141,1720.0,2026-09-03T19:34:53.443313+00:00
2022-02-08,1754.4,1866.6,1720.0,1764.0,4997,1764.0,2026-09-03T19:34:53.443313+00:00
2022-02-09,1750.0,1750.0,1706.0,1710.0,1866,1710.0,2026-09-03T19:34:53.443313+00:00
2022-02-10,1677.0,1703.0,1666.0,1699.0,1428,1699.0,2026-09-03T19:34:53.443313+00:00
2022-02-13,1665.1,1665.1,1569.0,1570.0,2851,1570.0,2026-09-03T19:34:53.443313+00:00
2022-02-14,1601.0,1601.0,1565.1,1568.0,1036,1568.0,2026-09-03T19:34:53.443313+00:00
2022-02-15,1568.0,1600.0,1562.0,1580.0,817,1580.0,2026-09-03T19:34:53.443313+00:00
2022-02-16,1600.0,1600.0,1541.1,1580.0,681,1580.0,2026-09-03T19:34:53.443313+00:00
2022-02-17,1556.0,1580.0,1550.0,1564.0,681,1564.0,2026-09-03T19:34:53.443313+00:00
2022-02-20,1564.0,1564.0,1501.4,1519.0,1192,1519.0,2026-09-03T19:34:53.443313+00:00
2022-02-21,1490.0,1520.0,1490.0,1500.0,1491,1500.0,2026-09-03T19:34:53.443313+00:00
2022-02-22,1530.0,1530.0,1500.0,1501.0,741,1501.0,2026-09-03T19:34:53.443313+00:00
2022-02-23,1473.0,1500.0,1460.0,1489.0,1426,1489.0,2026-09-03T19:34:53.443313+00:00
2022-02-24,1461.1,1490.0,1435.0,1440.0,2207,1440.0,2026-09-03T19:34:53.443313+00:00
2022-02-27,1419.0,1460.2,1412.0,1460.2,466,1460.2,2026-09-03T19:34:53.443313+00:00
2022-02-28,1450.0,1450.0,1425.0,1428.0,860,1428.0,2026-09-03T19:34:53.443313+00:00
2022-03-02,1400.0,1430.0,1347.5,1375.0,2394,1375.0,2026-09-03T19:34:53.443313+00:00
2022-03-06,1363.0,1401.9,1339.7,1366.0,2112,1366.0,2026-09-03T19:34:53.443313+00:00
2022-03-07,1366.0,1476.0,1366.0,1395.1,895,1395.1,2026-09-03T19:34:53.443313+00:00
2022-03-09,1395.0,1409.0,1372.0,1372.0,380,1372.0,2026-09-03T19:34:53.443313+00:00
2022-03-10,1398.0,1417.5,1381.0,1381.0,400,1381.0,2026-09-03T19:34:53.443313+00:00
2022-03-13,1408.6,1499.0,1397.0,1485.0,1079,1485.0,2026-09-03T19:34:53.443313+00:00
2022-03-14,1514.7,1514.7,1464.0,1493.0,419,1493.0,2026-09-03T19:34:53.443313+00:00
2022-03-15,1490.0,1493.0,1465.0,1493.0,598,1493.0,2026-09-03T19:34:53.443313+00:00
2022-03-16,1463.2,1495.0,1441.3,1492.0,775,1492.0,2026-09-03T19:34:53.443313+00:00
2022-03-20,1462.2,1485.0,1438.6,1484.0,285,1484.0,2026-09-03T19:34:53.443313+00:00
2022-03-21,1510.0,1510.0,1421.3,1485.0,101,1485.0,2026-09-03T19:34:53.443313+00:00
2022-03-22,1456.0,1494.0,1445.1,1494.0,301,1494.0,2026-09-03T19:34:53.443313+00:00
2022-03-23,1477.0,1477.0,1457.0,1457.0,110,1457.0,2026-09-03T19:34:53.443313+00:00
2022-03-24,1429.0,1445.0,1429.0,1440.0,665,1440.0,2026-09-03T19:34:53.443313+00:00
2022-03-27,1413.0,1420.0,1388.0,1389.0,620,1389.0,2026-09-03T19:34:53.443313+00:00
2022-03-28,1390.0,1422.0,1381.1,1408.0,1003,1408.0,2026-09-03T19:34:53.443313+00:00
2022-03-29,1390.0,1415.0,1385.0,1405.9,178,1405.9,2026-09-03T19:34:53.443313+00:00
2022-03-30,1381.0,1413.0,1379.0,1400.0,186,1400.0,2026-09-03T19:34:53.443313+00:00
2022-03-31,1428.0,1456.5,1380.1,1423.0,542,1423.0,2026-09-03T19:34:53.443313+00:00
2022-04-03,1394.6,1399.0,1380.0,1399.0,922,1399.0,2026-09-03T19:34:53.443313+00:00
2022-04-04,1375.0,1398.4,1351.0,1398.4,908,1398.4,2026-09-03T19:34:53.443313+00:00
2022-04-05,1400.0,1426.3,1312.0,1356.0,1517,1356.0,2026-09-03T19:34:53.443313+00:00
2022-04-06,1328.9,1329.0,1303.0,1325.0,420,1325.0,2026-09-03T19:34:53.443313+00:00
2022-04-07,1349.9,1350.0,1318.0,1349.8,365,1349.8,2026-09-03T19:34:53.443313+00:00
2022-04-11,1376.7,1376.7,1301.1,1329.1,475,1329.1,2026-09-03T19:34:53.443313+00:00
2022-04-12,1303.0,1303.0,1272.0,1296.9,1280,1296.9,2026-09-03T19:34:53.443313+00:00
2022-04-13,1322.0,1348.0,1271.1,1315.0,418,1315.0,2026-09-03T19:34:53.443313+00:00
2022-04-17,1341.0,1341.0,1289.0,1289.0,427,1289.0,2026-09-03T19:34:53.443313+00:00
2022-04-18,1314.7,1314.7,1244.0,1255.0,614,1255.0,2026-09-03T19:34:53.443313+00:00
2022-04-19,1240.0,1280.0,1230.0,1269.0,144,1269.0,2026-09-03T19:34:53.443313+00:00
2022-04-20,1294.3,1294.3,1208.0,1259.0,780,1259.0,2026-09-03T19:34:53.443313+00:00
2022-04-21,1284.1,1284.1,1216.0,1226.0,558,1226.0,2026-09-03T19:34:53.443313+00:00
2022-04-24,1230.0,1298.0,1230.0,1298.0,520,1298.0,2026-09-03T19:34:53.443313+00:00
2022-04-25,1272.1,1340.0,1254.4,1254.4,361,1254.4,2026-09-03T19:34:53.443313+00:00
2022-04-26,1260.0,1304.9,1230.0,1240.0,917,1240.0,2026-09-03T19:34:53.443313+00:00
2022-04-27,1215.4,1240.0,1215.4,1240.0,420,1240.0,2026-09-03T19:34:53.443313+00:00
2022-04-28,1221.0,1321.0,1221.0,1230.3,544,1230.3,2026-09-03T19:34:53.443313+00:00
2022-05-02,1220.0,1220.0,1212.0,1212.2,90,1212.2,2026-09-03T19:34:53.443313+00:00
2022-05-04,1191.0,1235.0,1188.3,1214.9,470,1214.9,2026-09-03T19:34:53.443313+00:00
2022-05-05,1190.8,1191.0,1180.0,1180.0,531,1180.0,2026-09-03T19:34:53.443313+00:00
2022-05-08,1180.0,1203.0,1160.0,1203.0,452,1203.0,2026-09-03T19:34:53.443313+00:00
2022-05-09,1227.0,1251.5,1190.0,1219.0,430,1219.0,2026-09-03T19:34:53.443313+00:00
2022-05-10,1243.3,1243.3,1178.0,1222.9,560,1222.9,2026-09-03T19:34:53.443313+00:00
2022-05-11,1222.0,1271.3,1198.0,1260.0,93,1260.0,2026-09-03T19:34:53.443313+00:00
2022-05-12,1260.0,1260.0,1217.0,1217.0,445,1217.0,2026-09-03T19:34:53.443313+00:00
2022-05-20,1225.0,1225.0,1193.0,1193.0,170,1193.0,2026-09-03T19:34:53.443313+00:00
2022-05-23,1169.2,1169.2,1103.0,1123.0,308,1123.0,2026-09-03T19:34:53.443313+00:00
2022-05-24,1123.0,1145.4,1123.0,1130.0,205,1130.0,2026-09-03T19:34:53.443313+00:00
2022-05-25,1150.0,1168.0,1131.0,1131.0,484,1131.0,2026-09-03T19:34:53.443313+00:00
2022-05-26,1148.0,1148.0,1148.0,1148.0,10,1148.0,2026-09-03T19:34:53.443313+00:00
2022-05-27,1130.0,1133.1,1111.0,1133.1,478,1133.1,2026-09-03T19:34:53.443313+00:00
2022-05-30,1112.0,1120.0,1090.0,1090.0,327,1090.0,2026-09-03T19:34:53.443313+00:00
2022-05-31,1090.0,1091.0,1059.0,1080.0,847,1080.0,2026-09-03T19:34:53.443313+00:00
2022-06-01,1007.0,1027.0,980.0,990.0,240,990.0,2026-09-03T19:34:53.443313+00:00
2022-06-02,1001.0,1001.0,990.0,998.0,40,998.0,2026-09-03T19:34:53.443313+00:00
2022-06-03,978.1,1017.0,959.1,996.7,290,996.7,2026-09-03T19:34:53.443313+00:00
2022-06-06,1000.0,1000.0,982.0,999.0,190,999.0,2026-09-03T19:34:53.443313+00:00
2022-06-07,999.0,999.0,946.0,980.0,420,980.0,2026-09-03T19:34:53.443313+00:00
2022-06-08,961.0,1015.0,942.0,1010.0,343,1010.0,2026-09-03T19:34:53.443313+00:00
2022-06-09,990.0,1029.0,973.0,1005.0,330,1005.0,2026-09-03T19:34:53.443313+00:00
2022-06-10,985.0,1005.0,966.0,1005.0,120,1005.0,2026-09-03T19:34:53.443313+00:00
2022-06-13,985.0,1000.0,984.9,1000.0,74,1000.0,2026-09-03T19:34:53.443313+00:00
2022-06-14,980.0,998.0,967.0,998.0,152,998.0,2026-09-03T19:34:53.443313+00:00
2022-06-15,978.1,978.1,932.0,970.0,753,970.0,2026-09-03T19:34:53.443313+00:00
2022-06-16,988.0,988.9,988.0,988.9,20,988.9,2026-09-03T19:34:53.443313+00:00
2022-06-17,991.0,991.0,991.0,991.0,10,991.0,2026-09-03T19:34:53.443313+00:00
2022-06-19,972.0,972.0,931.0,931.0,383,931.0,2026-09-03T19:34:53.443313+00:00
2022-06-20,915.0,919.0,883.0,919.0,510,919.0,2026-09-03T19:34:53.443313+00:00
2022-06-21,937.0,937.0,900.0,924.0,510,924.0,2026-09-03T19:34:53.443313+00:00
2022-06-22,905.6,905.6,890.0,890.0,140,890.0,2026-09-03T19:34:53.443313+00:00
2022-06-23,872.2,940.0,855.0,914.0,1328,914.0,2026-09-03T19:34:53.443313+00:00
2022-06-24,896.0,926.0,878.1,926.0,259,926.0,2026-09-03T19:34:53.443313+00:00
2022-06-26,942.0,978.0,935.0,940.0,487,940.0,2026-09-03T19:34:53.443313+00:00
2022-06-27,922.0,939.0,920.0,920.0,226,920.0,2026-09-03T19:34:53.443313+00:00
2022-06-28,920.0,920.0,885.0,917.0,480,917.0,2026-09-03T19:34:53.443313+00:00
2022-06-29,924.0,924.9,901.0,924.0,830,924.0,2026-09-03T19:34:53.443313+00:00
2022-06-30,942.4,1015.0,925.0,974.1,1980,974.1,2026-09-03T19:34:53.443313+00:00
2022-07-01,964.1,965.0,964.1,965.0,80,965.0,2026-09-03T19:34:53.443313+00:00
2022-07-03,945.7,984.0,926.8,983.0,292,983.0,2026-09-03T19:34:53.443313+00:00
2022-07-04,966.0,1035.0,965.0,965.0,917,965.0,2026-09-03T19:34:53.443313+00:00
2022-07-05,984.0,984.0,915.0,915.0,469,915.0,2026-09-03T19:34:53.443313+00:00
2022-07-06,925.0,943.4,900.0,921.0,184,921.0,2026-09-03T19:34:53.443313+00:00
2022-07-07,939.0,974.0,921.0,923.0,720,923.0,2026-09-03T19:34:53.443313+00:00
2022-07-08,935.0,940.0,935.0,940.0,40,940.0,2026-09-03T19:34:53.443313+00:00
2022-07-11,940.0,940.0,887.0,897.0,625,897.0,2026-09-03T19:34:53.443313+00:00
2022-07-12,914.0,932.2,913.4,913.4,80,913.4,2026-09-03T19:34:53.443313+00:00
2022-07-13,907.0,938.4,900.0,938.4,160,938.4,2026-09-03T19:34:53.443313+00:00
2022-07-14,956.0,971.0,932.6,932.6,160,932.6,2026-09-03T19:34:53.443313+00:00
2022-07-17,951.2,951.2,932.2,932.2,45,932.2,2026-09-03T19:34:53.443313+00:00
2022-07-18,930.0,938.0,915.0,938.0,190,938.0,2026-09-03T19:34:53.443313+00:00
2022-07-19,940.0,969.0,935.0,935.0,480,935.0,2026-09-03T19:34:53.443313+00:00
2022-07-20,953.7,994.5,953.7,960.5,821,960.5,2026-09-03T19:34:53.443313+00:00
2022-07-21,960.0,990.0,960.0,961.0,573,961.0,2026-09-03T19:34:53.443313+00:00
2022-07-22,942.0,944.5,926.0,933.0,1218,933.0,2026-09-03T19:34:53.443313+00:00
2022-07-24,920.0,998.5,920.0,998.5,373,998.5,2026-09-03T19:34:53.443313+00:00
2022-07-25,1002.0,1044.0,1002.0,1044.0,717,1044.0,2026-09-03T19:34:53.443313+00:00
2022-07-26,1064.0,1064.0,1010.0,1010.0,1661,1010.0,2026-09-03T19:34:53.443313+00:00
2022-07-27,1010.0,1070.0,1010.0,1043.9,1365,1043.9,2026-09-03T19:34:53.443313+00:00
2022-07-28,1060.0,1140.3,1060.0,1120.0,2062,1120.0,2026-09-03T19:34:53.443313+00:00
2022-07-29,1130.0,1141.9,1111.0,1132.1,526,1132.1,2026-09-03T19:34:53.443313+00:00
2022-07-31,1136.0,1136.0,1110.0,1110.0,620,1110.0,2026-09-03T19:34:53.443313+00:00
2022-08-01,1105.0,1105.0,1058.4,1068.0,1606,1068.0,2026-09-03T19:34:53.443313+00:00
2022-08-02,1068.0,1080.0,1058.4,1070.0,454,1070.0,2026-09-03T19:34:53.443313+00:00
2022-08-03,1054.1,1084.0,1054.1,1084.0,385,1084.0,2026-09-03T19:34:53.443313+00:00
2022-08-04,1090.0,1090.0,1046.9,1065.0,1236,1065.0,2026-09-03T19:34:53.443313+00:00
2022-08-05,1045.0,1065.0,1030.1,1065.0,628,1065.0,2026-09-03T19:34:53.443313+00:00
2022-08-07,1043.7,1065.0,1027.1,1034.0,120,1034.0,2026-09-03T19:34:53.443313+00:00
2022-08-08,1023.1,1080.8,1023.1,1060.0,1332,1060.0,2026-09-03T19:34:53.443313+00:00
2022-08-09,1060.0,1098.0,1045.0,1051.0,1973,1051.0,2026-09-03T19:34:53.443313+00:00
2022-08-10,1050.0,1088.9,1030.3,1088.0,1250,1088.0,2026-09-03T19:34:53.443313+00:00
2022-08-11,1080.0,1091.0,1067.6,1080.0,565,1080.0,2026-09-03T19:34:53.443313+00:00
2022-08-14,1058.4,1094.0,1058.4,1067.0,600,1067.0,2026-09-03T19:34:53.443313+00:00
2022-08-15,1087.8,1087.8,1051.0,1072.0,1625,1072.0,2026-09-03T19:34:53.443313+00:00
2022-08-16,1051.2,1051.2,1047.0,1047.0,181,1047.0,2026-09-03T19:34:53.443313+00:00
2022-08-17,1027.0,1050.0,1027.0,1031.0,315,1031.0,2026-09-03T19:34:53.443313+00:00
2022-08-18,1030.0,1045.0,1030.0,1040.0,230,1040.0,2026-09-03T19:34:53.443313+00:00
2022-08-21,1040.0,1056.9,1030.0,1030.0,560,1030.0,2026-09-03T19:34:53.443313+00:00
2022-08-22,1030.0,1071.0,1015.0,1071.0,190,1071.0,2026-09-03T19:34:53.443313+00:00
2022-08-23,1051.0,1051.0,1031.1,1033.0,130,1033.0,2026-09-03T19:34:53.443313+00:00
2022-08-24,1020.4,1020.4,1020.0,1020.0,100,1020.0,2026-09-03T19:34:53.443313+00:00
2022-08-25,1000.0,1033.0,980.0,1033.0,720,1033.0,2026-09-03T19:34:53.443313+00:00
2022-08-26,1039.0,1039.0,975.0,1009.9,1151,1009.9,2026-09-03T19:34:53.443313+00:00
2022-08-28,1029.0,1029.0,975.0,976.0,579,976.0,2026-09-03T19:34:53.443313+00:00
2022-08-29,990.0,1049.0,945.0,1049.0,712,1049.0,2026-09-03T19:34:53.443313+00:00
2022-08-30,1028.1,1028.1,988.1,999.0,409,999.0,2026-09-03T19:34:53.443313+00:00
2022-08-31,979.1,990.0,970.6,988.0,252,988.0,2026-09-03T19:34:53.443313+00:00
2022-09-01,990.0,990.0,968.4,968.4,331,968.4,2026-09-03T19:34:53.443313+00:00
2022-09-02,983.1,987.0,979.0,985.0,40,985.0,2026-09-03T19:34:53.443313+00:00
2022-09-04,965.3,982.0,962.0,982.0,460,982.0,2026-09-03T19:34:53.443313+00:00
2022-09-05,1000.0,1001.6,963.0,1000.0,445,1000.0,2026-09-03T19:34:53.443313+00:00
2022-09-06,980.0,980.0,943.0,955.0,210,955.0,2026-09-03T19:34:53.443313+00:00
2022-09-07,955.0,970.0,937.1,970.0,137,970.0,2026-09-03T19:34:53.443313+00:00
2022-09-08,951.0,970.0,951.0,970.0,263,970.0,2026-09-03T19:34:53.443313+00:00
2022-09-11,956.0,965.0,955.0,955.0,220,955.0,2026-09-03T19:34:53.443313+00:00
2022-09-12,945.0,945.0,935.9,935.9,80,935.9,2026-09-03T19:34:53.443313+00:00
2022-09-13,918.0,959.8,918.0,950.0,105,950.0,2026-09-03T19:34:53.443313+00:00
2022-09-14,968.0,968.0,940.0,940.0,470,940.0,2026-09-03T19:34:53.443313+00:00
2022-09-15,930.0,956.0,925.1,930.0,290,930.0,2026-09-03T19:34:53.443313+00:00
2022-09-16,911.5,919.0,903.0,919.0,110,919.0,2026-09-03T19:34:53.443313+00:00
2022-09-18,900.7,937.0,883.0,937.0,70,937.0,2026-09-03T19:34:53.443313+00:00
2022-09-20,918.3,918.3,918.3,918.3,10,918.3,2026-09-03T19:34:53.443313+00:00
2022-09-21,915.0,915.0,885.0,885.0,190,885.0,2026-09-03T19:34:53.443313+00:00
2022-09-22,890.0,895.0,890.0,895.0,100,895.0,2026-09-03T19:34:53.443313+00:00
2022-09-25,878.0,894.0,850.0,894.0,685,894.0,2026-09-03T19:34:53.443313+00:00
2022-09-27,880.0,918.0,880.0,900.0,80,900.0,2026-09-03T19:34:53.443313+00:00
2022-09-28,915.0,915.0,882.0,882.0,190,882.0,2026-09-03T19:34:53.443313+00:00
2022-09-29,899.0,902.7,885.0,902.7,140,902.7,2026-09-03T19:34:53.443313+00:00
2022-10-09,905.0,905.0,888.2,890.0,75,890.0,2026-09-03T19:34:53.443313+00:00
2022-10-10,900.0,900.0,900.0,900.0,10,900.0,2026-09-03T19:34:53.443313+00:00
2022-10-11,900.0,900.0,884.0,884.0,65,884.0,2026-09-03T19:34:53.443313+00:00
2022-10-12,899.0,905.0,899.0,905.0,200,905.0,2026-09-03T19:34:53.443313+00:00
2022-10-13,891.0,892.0,890.2,890.2,95,890.2,2026-09-03T19:34:53.443313+00:00
2022-10-16,873.0,873.0,873.0,873.0,10,873.0,2026-09-03T19:34:53.443313+00:00
2022-10-17,856.0,900.0,856.0,900.0,131,900.0,2026-09-03T19:34:53.443313+00:00
2022-10-19,889.0,890.0,855.0,855.0,309,855.0,2026-09-03T19:34:53.443313+00:00
2022-10-20,872.0,872.0,872.0,872.0,10,872.0,2026-09-03T19:34:53.443313+00:00
2022-10-31,874.0,885.0,874.0,885.0,117,885.0,2026-09-03T19:34:53.443313+00:00
2022-11-01,871.0,902.7,871.0,888.4,175,888.4,2026-09-03T19:34:53.443313+00:00
2022-11-02,874.0,950.0,874.0,931.0,171,931.0,2026-09-03T19:34:53.443313+00:00
2022-11-03,918.0,918.0,885.0,885.0,141,885.0,2026-09-03T19:34:53.443313+00:00
2022-11-06,902.0,973.5,885.5,962.0,499,962.0,2026-09-03T19:34:53.443313+00:00
2022-11-07,962.0,981.2,935.0,935.0,528,935.0,2026-09-03T19:34:53.443313+00:00
2022-11-08,935.0,935.0,916.3,921.0,80,921.0,2026-09-03T19:34:53.443313+00:00
2022-11-09,921.0,937.0,888.0,937.0,255,937.0,2026-09-03T19:34:53.443313+00:00
2022-11-10,930.0,930.0,900.0,900.0,160,900.0,2026-09-03T19:34:53.443313+00:00
2022-11-13,885.0,901.6,884.0,888.0,670,888.0,2026-09-03T19:34:53.443313+00:00
2022-11-14,905.0,905.7,905.0,905.0,50,905.0,2026-09-03T19:34:53.443313+00:00
2022-11-15,923.0,923.0,896.6,896.6,40,896.6,2026-09-03T19:34:53.443313+00:00
2022-11-16,890.0,900.0,884.0,897.0,109,897.0,2026-09-03T19:34:53.443313+00:00
2022-11-17,914.9,930.0,900.0,930.0,171,930.0,2026-09-03T19:34:53.443313+00:00
2022-11-22,930.0,947.9,930.0,947.9,20,947.9,2026-09-03T19:34:53.443313+00:00
2022-11-23,966.8,984.9,863.3,981.9,656,981.9,2026-09-03T19:34:53.443313+00:00
2022-11-24,962.3,1000.0,943.1,1000.0,40,1000.0,2026-09-03T19:34:53.443313+00:00
2022-11-28,1009.0,1009.0,969.3,969.3,220,969.3,2026-09-03T19:34:53.443313+00:00
2022-11-29,987.9,1007.6,966.0,970.0,448,970.0,2026-09-03T19:34:53.443313+00:00
2022-11-30,965.0,965.0,927.3,927.3,270,927.3,2026-09-03T19:34:53.443313+00:00
2022-12-01,911.0,915.3,910.0,915.3,60,915.3,2026-09-03T19:34:53.443313+00:00
2022-12-04,915.0,915.0,910.7,910.7,20,910.7,2026-09-03T19:34:53.443313+00:00
2022-12-05,915.0,946.0,915.0,915.0,150,915.0,2026-09-03T19:34:53.443313+00:00
2022-12-06,898.1,900.0,896.7,900.0,90,900.0,2026-09-03T19:34:53.443313+00:00
2022-12-07,900.0,900.0,900.0,900.0,30,900.0,2026-09-03T19:34:53.443313+00:00
2022-12-11,915.0,918.0,885.0,902.0,510,902.0,2026-09-03T19:34:53.443313+00:00
2022-12-12,896.0,896.0,887.1,887.1,140,887.1,2026-09-03T19:34:53.443313+00:00
2022-12-13,904.8,904.8,891.1,891.1,226,891.1,2026-09-03T19:34:53.443313+00:00
2022-12-14,874.1,930.0,874.1,930.0,80,930.0,2026-09-03T19:34:53.443313+00:00
2022-12-15,930.0,939.0,920.3,920.3,60,920.3,2026-09-03T19:34:53.443313+00:00
2022-12-18,901.9,919.9,884.0,919.9,310,919.9,2026-09-03T19:34:53.443313+00:00
2022-12-19,902.0,902.0,871.0,880.0,114,880.0,2026-09-03T19:34:53.443313+00:00
2022-12-20,897.0,897.0,873.2,880.0,302,880.0,2026-09-03T19:34:53.443313+00:00
2022-12-21,897.6,900.0,864.4,876.0,1227,876.0,2026-09-03T19:34:53.443313+00:00
2022-12-22,864.1,893.5,864.1,875.0,300,875.0,2026-09-03T19:34:53.443313+00:00
2022-12-26,892.5,915.0,882.0,915.0,394,915.0,2026-09-03T19:34:53.443313+00:00
2022-12-27,929.0,945.0,929.0,944.0,205,944.0,2026-09-03T19:34:53.443313+00:00
2022-12-28,962.8,1038.0,892.0,1038.0,590,1038.0,2026-09-03T19:34:53.443313+00:00
2022-12-29,1018.0,1122.0,975.0,1100.0,3290,1100.0,2026-09-03T19:34:53.443313+00:00
2023-01-01,1078.0,1144.0,1033.9,1064.0,1876,1064.0,2026-09-03T19:34:53.443313+00:00
2023-01-02,1042.8,1128.0,1023.0,1070.9,706,1070.9,2026-09-03T19:34:53.443313+00:00
2023-01-03,1049.5,1090.0,1011.0,1011.0,1798,1011.0,2026-09-03T19:34:53.443313+00:00
2023-01-04,1012.0,1035.0,1005.0,1020.1,428,1020.1,2026-09-03T19:34:53.443313+00:00
2023-01-05,1040.5,1120.0,1010.0,1097.0,1394,1097.0,2026-09-03T19:34:53.443313+00:00
2023-01-08,1075.1,1079.0,1050.6,1050.6,814,1050.6,2026-09-03T19:34:53.443313+00:00
2023-01-09,1071.0,1093.0,1031.0,1052.6,2827,1052.6,2026-09-03T19:34:53.443313+00:00
2023-01-10,1073.6,1157.8,1073.6,1140.0,5422,1140.0,2026-09-03T19:34:53.443313+00:00
2023-01-12,1117.5,1150.0,1084.0,1084.0,2224,1084.0,2026-09-03T19:34:53.443313+00:00
2023-01-17,1064.0,1085.0,1064.0,1085.0,670,1085.0,2026-09-03T19:34:53.443313+00:00
2023-01-18,1090.0,1128.8,1068.0,1069.0,1259,1069.0,2026-09-03T19:34:53.443313+00:00
2023-01-19,1060.0,1129.9,1060.0,1086.0,840,1086.0,2026-09-03T19:34:53.443313+00:00
2023-01-23,1086.0,1107.0,1051.5,1051.5,210,1051.5,2026-09-03T19:34:53.443313+00:00
2023-01-24,1030.5,1038.0,1030.5,1035.0,138,1035.0,2026-09-03T19:34:53.443313+00:00
2023-01-25,1040.0,1075.0,1040.0,1050.0,755,1050.0,2026-09-03T19:34:53.443313+00:00
2023-01-26,1069.0,1071.0,1041.0,1061.0,80,1061.0,2026-09-03T19:34:53.443313+00:00
2023-01-29,1040.0,1046.0,1006.0,1030.1,240,1030.1,2026-09-03T19:34:53.443313+00:00
2023-01-30,1016.0,1030.1,996.0,1000.0,523,1000.0,2026-09-03T19:34:53.443313+00:00
2023-01-31,980.0,990.0,963.0,990.0,70,990.0,2026-09-03T19:34:53.443313+00:00
2023-02-01,973.0,1020.0,972.1,1020.0,190,1020.0,2026-09-03T19:34:53.443313+00:00
2023-02-02,1040.0,1050.0,1020.0,1020.0,415,1020.0,2026-09-03T19:34:53.443313+00:00
2023-02-05,1035.0,1040.4,1015.0,1030.0,200,1030.0,2026-09-03T19:34:53.443313+00:00
2023-02-06,1029.0,1030.0,991.0,1010.0,390,1010.0,2026-09-03T19:34:53.443313+00:00
2023-02-07,1010.0,1050.6,1010.0,1044.0,550,1044.0,2026-09-03T19:34:53.443313+00:00
2023-02-08,1025.0,1039.0,1021.0,1039.0,30,1039.0,2026-09-03T19:34:53.443313+00:00
2023-02-09,1019.0,1019.0,1011.0,1011.0,30,1011.0,2026-09-03T19:34:53.443313+00:00
2023-02-12,991.0,999.0,961.0,961.0,315,961.0,2026-09-03T19:34:53.443313+00:00
2023-02-14,948.1,960.0,945.0,945.0,180,945.0,2026-09-03T19:34:53.443313+00:00
2023-02-15,946.0,964.9,930.0,963.0,770,963.0,2026-09-03T19:34:53.443313+00:00
2023-02-16,943.9,943.9,930.0,940.0,310,940.0,2026-09-03T19:34:53.443313+00:00
2023-02-20,921.2,925.0,891.8,893.0,502,893.0,2026-09-03T19:34:53.443313+00:00
2023-02-22,877.5,918.0,877.5,918.0,100,918.0,2026-09-03T19:34:53.443313+00:00
2023-02-23,899.7,899.7,826.2,899.6,969,899.6,2026-09-03T19:34:53.443313+00:00
2023-02-26,881.8,887.0,837.1,887.0,419,887.0,2026-09-03T19:34:53.443313+00:00
2023-02-27,900.0,900.0,854.2,855.0,110,855.0,2026-09-03T19:34:53.443313+00:00
2023-02-28,872.0,877.2,860.0,870.0,100,870.0,2026-09-03T19:34:53.443313+00:00
2023-03-01,853.0,870.0,852.6,870.0,50,870.0,2026-09-03T19:34:53.443313+00:00
2023-03-02,853.0,862.0,830.0,862.0,190,862.0,2026-09-03T19:34:53.443313+00:00
2023-03-05,844.9,844.9,828.1,844.0,70,844.0,2026-09-03T19:34:53.443313+00:00
2023-03-07,827.2,876.0,827.2,876.0,60,876.0,2026-09-03T19:34:53.443313+00:00
2023-03-09,876.0,877.0,860.0,877.0,50,877.0,2026-09-03T19:34:53.443313+00:00
2023-03-12,860.0,860.0,860.0,860.0,10,860.0,2026-09-03T19:34:53.443313+00:00
2023-03-13,860.0,860.0,818.1,820.0,315,820.0,2026-09-03T19:34:53.443313+00:00
2023-03-14,836.4,836.4,819.7,820.0,120,820.0,2026-09-03T19:34:53.443313+00:00
2023-03-15,805.0,805.0,800.0,800.0,110,800.0,2026-09-03T19:34:53.443313+00:00
2023-03-16,800.0,834.0,800.0,834.0,120,834.0,2026-09-03T19:34:53.443313+00:00
2023-03-20,820.0,820.0,800.0,800.0,320,800.0,2026-09-03T19:34:53.443313+00:00
2023-03-22,816.0,816.0,790.0,800.0,260,800.0,2026-09-03T19:34:53.443313+00:00
2023-03-23,800.0,800.0,784.0,784.0,120,784.0,2026-09-03T19:34:53.443313+00:00
2023-03-26,768.5,784.0,768.5,784.0,50,784.0,2026-09-03T19:34:53.443313+00:00
2023-03-27,768.6,797.6,768.5,797.6,40,797.6,2026-09-03T19:34:53.443313+00:00
2023-03-28,812.0,812.0,798.0,798.0,130,798.0,2026-09-03T19:34:53.443313+00:00
2023-03-29,782.5,782.5,782.5,782.5,10,782.5,2026-09-03T19:34:53.443313+00:00
2023-03-30,770.0,770.0,755.0,755.0,85,755.0,2026-09-03T19:34:53.443313+00:00
2023-04-02,758.0,788.0,729.0,729.0,120,729.0,2026-09-03T19:34:53.443313+00:00
2023-04-03,722.0,723.0,720.0,720.0,135,720.0,2026-09-03T19:34:53.443313+00:00
2023-04-04,712.0,730.0,712.0,730.0,70,730.0,2026-09-03T19:34:53.443313+00:00
2023-04-05,717.0,725.0,715.0,715.0,142,715.0,2026-09-03T19:34:53.443313+00:00
2023-04-06,702.5,720.1,702.5,720.1,71,720.1,2026-09-03T19:34:53.443313+00:00
2023-04-09,706.0,708.0,706.0,708.0,30,708.0,2026-09-03T19:34:53.443313+00:00
2023-04-10,712.0,722.1,697.1,699.9,271,699.9,2026-09-03T19:34:53.443313+00:00
2023-04-11,694.0,709.9,694.0,703.0,130,703.0,2026-09-03T19:34:53.443313+00:00
2023-04-12,715.0,743.8,703.0,730.0,327,730.0,2026-09-03T19:34:53.443313+00:00
2023-04-13,731.1,731.1,726.0,730.0,134,730.0,2026-09-03T19:34:53.443313+00:00
2023-04-16,743.0,744.6,718.5,718.5,390,718.5,2026-09-03T19:34:53.443313+00:00
2023-04-17,732.8,744.6,722.0,744.6,177,744.6,2026-09-03T19:34:53.443313+00:00
2023-04-18,758.8,758.8,744.0,744.0,20,744.0,2026-09-03T19:34:53.443313+00:00
2023-04-19,744.1,755.0,744.0,744.0,170,744.0,2026-09-03T19:34:53.443313+00:00
2023-04-20,730.0,744.0,730.0,744.0,30,744.0,2026-09-03T19:34:53.443313+00:00
2023-04-23,730.0,773.0,725.0,773.0,221,773.0,2026-09-03T19:34:53.443313+00:00
2023-04-24,773.0,773.0,731.0,743.0,161,743.0,2026-09-03T19:34:53.443313+00:00
2023-04-25,728.2,750.0,728.2,740.0,78,740.0,2026-09-03T19:34:53.443313+00:00
2023-04-26,730.3,748.6,730.3,748.6,45,748.6,2026-09-03T19:34:53.443313+00:00
2023-04-27,734.1,749.0,724.0,749.0,82,749.0,2026-09-03T19:34:53.443313+00:00
2023-04-30,735.3,759.9,735.3,759.9,81,759.9,2026-09-03T19:34:53.443313+00:00
2023-05-02,744.8,759.6,744.8,745.9,55,745.9,2026-09-03T19:34:53.443313+00:00
2023-05-03,732.0,732.0,732.0,732.0,11,732.0,2026-09-03T19:34:53.443313+00:00
2023-05-04,735.0,754.0,735.0,754.0,63,754.0,2026-09-03T19:34:53.443313+00:00
2023-05-07,769.0,778.0,732.4,733.0,109,733.0,2026-09-03T19:34:53.443313+00:00
2023-05-08,720.3,792.0,720.3,792.0,72,792.0,2026-09-03T19:34:53.443313+00:00
2023-05-10,776.2,801.0,776.2,785.0,30,785.0,2026-09-03T19:34:53.443313+00:00
2023-05-11,799.8,831.0,736.0,770.0,316,770.0,2026-09-03T19:34:53.443313+00:00
2023-05-14,765.0,779.0,735.0,779.0,94,779.0,2026-09-03T19:34:53.443313+00:00
2023-05-15,763.5,763.5,748.3,748.3,30,748.3,2026-09-03T19:34:53.443313+00:00
2023-05-16,733.7,755.0,720.0,747.0,161,747.0,2026-09-03T19:34:53.443313+00:00
2023-05-17,761.9,821.7,758.1,758.1,134,758.1,2026-09-03T19:34:53.443313+00:00
2023-05-18,770.0,772.1,740.0,770.0,714,770.0,2026-09-03T19:34:53.443313+00:00
2023-05-21,755.1,755.1,754.6,754.6,48,754.6,2026-09-03T19:34:53.443313+00:00
2023-05-22,739.6,768.0,731.1,768.0,269,768.0,2026-09-03T19:34:53.443313+00:00
2023-05-23,752.7,775.0,752.7,775.0,491,775.0,2026-09-03T19:34:53.443313+00:00
2023-05-24,761.0,773.5,760.3,773.5,50,773.5,2026-09-03T19:34:53.443313+00:00
2023-05-28,773.5,773.5,755.0,755.0,550,755.0,2026-09-03T19:34:53.443313+00:00
2023-05-30,739.9,754.0,727.3,732.0,242,732.0,2026-09-03T19:34:53.443313+00:00
2023-05-31,720.0,720.0,720.0,720.0,57,720.0,2026-09-03T19:34:53.443313+00:00
2023-06-01,720.0,749.0,720.0,749.0,117,749.0,2026-09-03T19:34:53.443313+00:00
2023-06-04,735.0,763.0,735.0,763.0,179,763.0,2026-09-03T19:34:53.443313+00:00
2023-06-05,750.0,759.0,735.0,759.0,221,759.0,2026-09-03T19:34:53.443313+00:00
2023-06-06,758.0,772.9,730.3,771.0,377,771.0,2026-09-03T19:34:53.443313+00:00
2023-06-07,775.0,783.0,755.0,783.0,154,783.0,2026-09-03T19:34:53.443313+00:00
2023-06-08,779.9,785.0,765.0,770.0,126,770.0,2026-09-03T19:34:53.443313+00:00
2023-06-11,780.0,847.0,770.0,824.6,679,824.6,2026-09-03T19:34:53.443313+00:00
2023-06-12,841.0,841.0,785.0,800.0,280,800.0,2026-09-03T19:34:53.443313+00:00
2023-06-13,816.0,880.0,782.7,880.0,814,880.0,2026-09-03T19:34:53.443313+00:00
2023-06-14,897.0,930.0,880.0,897.0,730,897.0,2026-09-03T19:34:53.443313+00:00
2023-06-15,914.9,914.9,875.0,907.0,106,907.0,2026-09-03T19:34:53.443313+00:00
2023-06-18,924.0,924.0,870.0,918.0,446,918.0,2026-09-03T19:34:53.443313+00:00
2023-06-19,936.3,936.3,849.0,919.0,1059,919.0,2026-09-03T19:34:53.443313+00:00
2023-06-20,900.7,900.7,865.2,870.0,165,870.0,2026-09-03T19:34:53.443313+00:00
2023-06-21,853.0,870.0,850.0,860.0,285,860.0,2026-09-03T19:34:53.443313+00:00
2023-06-22,877.0,890.0,843.0,843.0,421,843.0,2026-09-03T19:34:53.443313+00:00
2023-06-25,859.8,874.9,840.0,850.0,209,850.0,2026-09-03T19:34:53.443313+00:00
2023-06-26,860.0,883.0,766.0,796.9,772,796.9,2026-09-03T19:34:53.443313+00:00
2023-06-27,812.8,876.5,812.8,876.5,1867,876.5,2026-09-03T19:34:53.443313+00:00
2023-06-28,894.0,897.6,872.0,872.0,862,872.0,2026-09-03T19:34:53.443313+00:00
2023-07-02,856.0,856.0,801.0,813.5,502,813.5,2026-09-03T19:34:53.443313+00:00
2023-07-03,810.0,831.3,810.0,825.0,216,825.0,2026-09-03T19:34:53.443313+00:00
2023-07-04,810.0,811.0,809.0,810.0,62,810.0,2026-09-03T19:34:53.443313+00:00
2023-07-05,826.2,826.2,797.0,799.9,195,799.9,2026-09-03T19:34:53.443313+00:00
2023-07-06,790.1,815.0,790.1,799.0,130,799.0,2026-09-03T19:34:53.443313+00:00
2023-07-09,810.0,814.0,790.1,805.9,190,805.9,2026-09-03T19:34:53.443313+00:00
2023-07-10,821.9,822.0,800.0,816.0,194,816.0,2026-09-03T19:34:53.443313+00:00
2023-07-11,800.0,816.0,789.0,793.5,108,793.5,2026-09-03T19:34:53.443313+00:00
2023-07-12,793.0,805.0,790.0,790.0,391,790.0,2026-09-03T19:34:53.443313+00:00
2023-07-13,805.8,810.0,801.0,801.5,360,801.5,2026-09-03T19:34:53.443313+00:00
2023-07-16,805.0,805.0,803.0,805.0,40,805.0,2026-09-03T19:34:53.443313+00:00
2023-07-17,800.0,835.0,800.0,830.0,271,830.0,2026-09-03T19:34:53.443313+00:00
2023-07-18,831.0,846.0,821.0,840.0,165,840.0,2026-09-03T19:34:53.443313+00:00
2023-07-19,830.0,872.0,825.0,850.0,354,850.0,2026-09-03T19:34:53.443313+00:00
2023-07-20,864.0,902.7,851.5,864.0,1294,864.0,2026-09-03T19:34:53.443313+00:00
2023-07-23,880.0,897.0,862.4,879.0,199,879.0,2026-09-03T19:34:53.443313+00:00
2023-07-24,885.0,895.0,850.1,866.9,191,866.9,2026-09-03T19:34:53.443313+00:00
2023-07-25,851.0,851.0,834.0,845.0,305,845.0,2026-09-03T19:34:53.443313+00:00
2023-07-26,859.0,859.0,828.0,844.5,507,844.5,2026-09-03T19:34:53.443313+00:00
2023-07-27,840.0,845.0,805.0,845.0,549,845.0,2026-09-03T19:34:53.443313+00:00
2023-07-30,828.1,836.0,821.3,836.0,57,836.0,2026-09-03T19:34:53.443313+00:00
2023-07-31,850.9,850.9,800.0,800.0,650,800.0,2026-09-03T19:34:53.443313+00:00
2023-08-01,816.0,816.0,800.0,800.0,140,800.0,2026-09-03T19:34:53.443313+00:00
2023-08-02,790.0,800.0,785.0,800.0,64,800.0,2026-09-03T19:34:53.443313+00:00
2023-08-03,787.1,790.0,775.0,775.1,629,775.1,2026-09-03T19:34:53.443313+00:00
2023-08-06,762.1,777.3,762.1,777.3,26,777.3,2026-09-03T19:34:53.443313+00:00
2023-08-07,762.1,789.0,760.0,788.0,85,788.0,2026-09-03T19:34:53.443313+00:00
2023-08-08,774.0,774.0,760.0,760.0,32,760.0,2026-09-03T19:34:53.443313+00:00
2023-08-09,760.0,765.0,730.0,765.0,259,765.0,2026-09-03T19:34:53.443313+00:00
2023-08-10,756.0,765.0,751.0,765.0,80,765.0,2026-09-03T19:34:53.443313+00:00
2023-08-13,750.0,765.0,750.0,750.0,163,750.0,2026-09-03T19:34:53.443313+00:00
2023-08-14,750.0,750.0,737.0,750.0,105,750.0,2026-09-03T19:34:53.443313+00:00
2023-08-15,760.0,760.0,740.0,753.0,82,753.0,2026-09-03T19:34:53.443313+00:00
2023-08-16,738.0,744.6,730.0,744.6,71,744.6,2026-09-03T19:34:53.443313+00:00
2023-08-17,735.0,749.7,735.0,748.0,277,748.0,2026-09-03T19:34:53.443313+00:00
2023-08-20,760.0,763.0,734.2,745.0,173,745.0,2026-09-03T19:34:53.443313+00:00
2023-08-21,735.0,762.0,735.0,762.0,223,762.0,2026-09-03T19:34:53.443313+00:00
2023-08-22,747.0,755.0,732.2,745.0,136,745.0,2026-09-03T19:34:53.443313+00:00
2023-08-23,740.0,754.0,731.0,754.0,95,754.0,2026-09-03T19:34:53.443313+00:00
2023-08-24,764.0,765.0,722.0,722.0,828,722.0,2026-09-03T19:34:53.443313+00:00
2023-08-27,730.0,744.6,715.4,715.5,361,715.5,2026-09-03T19:34:53.443313+00:00
2023-08-28,729.0,729.0,715.0,728.9,173,728.9,2026-09-03T19:34:53.443313+00:00
2023-08-29,740.0,740.0,740.0,740.0,10,740.0,2026-09-03T19:34:53.443313+00:00
2023-08-30,730.0,739.0,727.0,739.0,57,739.0,2026-09-03T19:34:53.443313+00:00
2023-09-03,724.3,724.3,715.0,720.5,72,720.5,2026-09-03T19:34:53.443313+00:00
2023-09-04,730.0,748.0,723.0,748.0,97,748.0,2026-09-03T19:34:53.443313+00:00
2023-09-05,750.0,750.0,740.0,740.0,81,740.0,2026-09-03T19:34:53.443313+00:00
2023-09-07,730.0,730.0,730.0,730.0,140,730.0,2026-09-03T19:34:53.443313+00:00
2023-09-10,715.4,729.0,715.0,717.5,93,717.5,2026-09-03T19:34:53.443313+00:00
2023-09-11,720.0,735.4,720.0,735.4,51,735.4,2026-09-03T19:34:53.443313+00:00
2023-09-12,722.0,722.0,722.0,722.0,183,722.0,2026-09-03T19:34:53.443313+00:00
2023-09-13,725.0,725.0,725.0,725.0,43,725.0,2026-09-03T19:34:53.443313+00:00
2023-09-17,712.0,738.0,697.8,738.0,819,738.0,2026-09-03T19:34:53.443313+00:00
2023-09-18,724.0,724.0,724.0,724.0,20,724.0,2026-09-03T19:34:53.443313+00:00
2023-09-19,710.0,714.0,700.0,714.0,170,714.0,2026-09-03T19:34:53.443313+00:00
2023-09-21,728.2,728.2,710.0,723.0,399,723.0,2026-09-03T19:34:53.443313+00:00
2023-09-24,737.2,737.2,716.0,729.0,136,729.0,2026-09-03T19:34:53.443313+00:00
2023-09-25,715.0,715.0,710.0,710.0,86,710.0,2026-09-03T19:34:53.443313+00:00
2023-09-26,724.2,754.0,724.2,738.1,914,738.1,2026-09-03T19:34:53.443313+00:00
2023-09-27,725.0,740.0,724.0,740.0,220,740.0,2026-09-03T19:34:53.443313+00:00
2023-10-01,742.1,742.1,730.0,736.0,270,736.0,2026-09-03T19:34:53.443313+00:00
2023-10-02,725.0,739.0,725.0,738.0,86,738.0,2026-09-03T19:34:53.443313+00:00
2023-10-03,726.5,759.2,726.5,750.0,613,750.0,2026-09-03T19:34:53.443313+00:00
2023-10-04,763.9,765.0,750.0,750.0,362,750.0,2026-09-03T19:34:53.443313+00:00
2023-10-05,737.0,737.0,725.0,727.0,192,727.0,2026-09-03T19:34:53.443313+00:00
2023-10-08,721.0,741.5,721.0,726.7,120,726.7,2026-09-03T19:34:53.443313+00:00
2023-10-09,741.0,741.0,728.5,728.5,43,728.5,2026-09-03T19:34:53.443313+00:00
2023-10-10,715.0,715.0,715.0,715.0,33,715.0,2026-09-03T19:34:53.443313+00:00
2023-10-11,704.0,719.0,704.0,718.0,130,718.0,2026-09-03T19:34:53.443313+00:00
2023-10-12,708.0,732.0,705.0,705.0,577,705.0,2026-09-03T19:34:53.443313+00:00
2023-10-16,693.1,700.0,691.0,700.0,143,700.0,2026-09-03T19:34:53.443313+00:00
2023-10-17,687.1,714.0,687.1,705.0,74,705.0,2026-09-03T19:34:53.443313+00:00
2023-10-18,717.0,717.0,717.0,717.0,10,717.0,2026-09-03T19:34:53.443313+00:00
2023-10-19,729.9,744.9,729.9,744.9,120,744.9,2026-09-03T19:34:53.443313+00:00
2023-10-29,759.0,759.0,759.0,759.0,10,759.0,2026-09-03T19:34:53.443313+00:00
2023-10-30,770.0,770.0,726.1,738.0,180,738.0,2026-09-03T19:34:53.443313+00:00
2023-10-31,730.0,740.0,726.1,740.0,56,740.0,2026-09-03T19:34:53.443313+00:00
2023-11-01,725.2,739.6,725.2,739.6,20,739.6,2026-09-03T19:34:53.443313+00:00
2023-11-05,724.9,724.9,724.9,724.9,10,724.9,2026-09-03T19:34:53.443313+00:00
2023-11-06,715.0,724.0,696.0,696.0,670,696.0,2026-09-03T19:34:53.443313+00:00
2023-11-07,688.0,705.0,688.0,705.0,40,705.0,2026-09-03T19:34:53.443313+00:00
2023-11-08,710.0,723.0,710.0,723.0,20,723.0,2026-09-03T19:34:53.443313+00:00
2023-11-20,708.6,708.6,695.0,700.0,31,700.0,2026-09-03T19:34:53.443313+00:00
2023-11-21,688.0,688.0,687.0,687.0,36,687.0,2026-09-03T19:34:53.443313+00:00
2023-11-22,700.7,713.0,687.0,713.0,180,713.0,2026-09-03T19:34:53.443313+00:00
2023-11-23,724.0,724.0,690.0,704.0,262,704.0,2026-09-03T19:34:53.443313+00:00
2023-11-26,714.5,714.5,693.0,706.0,63,706.0,2026-09-03T19:34:53.443313+00:00
2023-11-27,693.0,706.0,680.0,706.0,125,706.0,2026-09-03T19:34:53.443313+00:00
2023-11-28,706.0,706.0,693.0,706.0,41,706.0,2026-09-03T19:34:53.443313+00:00
2023-11-29,694.0,720.0,691.7,705.0,171,705.0,2026-09-03T19:34:53.443313+00:00
2023-11-30,690.9,711.0,685.0,711.0,72,711.0,2026-09-03T19:34:53.443313+00:00
2023-12-03,696.8,700.0,696.8,700.0,20,700.0,2026-09-03T19:34:53.443313+00:00
2023-12-04,688.0,700.9,688.0,700.0,114,700.0,2026-09-03T19:34:53.443313+00:00
2023-12-05,690.0,699.0,686.0,699.0,106,699.0,2026-09-03T19:34:53.443313+00:00
2023-12-06,688.0,688.0,688.0,688.0,11,688.0,2026-09-03T19:34:53.443313+00:00
2023-12-07,701.0,701.0,690.0,700.0,86,700.0,2026-09-03T19:34:53.443313+00:00
2023-12-11,714.0,750.0,700.1,723.0,1429,723.0,2026-09-03T19:34:53.443313+00:00
2023-12-12,734.0,734.0,725.0,730.0,142,730.0,2026-09-03T19:34:53.443313+00:00
2023-12-13,744.0,744.0,710.0,734.0,211,734.0,2026-09-03T19:34:53.443313+00:00
2023-12-14,744.0,758.6,720.0,754.0,618,754.0,2026-09-03T19:34:53.443313+00:00
2023-12-17,768.0,768.0,736.0,759.0,919,759.0,2026-09-03T19:34:53.443313+00:00
2023-12-18,772.0,810.0,752.0,802.7,1650,802.7,2026-09-03T19:34:53.443313+00:00
2023-12-19,818.0,818.0,774.2,815.0,731,815.0,2026-09-03T19:34:53.443313+00:00
2023-12-20,800.0,824.9,792.9,799.0,370,799.0,2026-09-03T19:34:53.443313+00:00
2023-12-21,784.0,790.0,769.1,770.0,655,770.0,2026-09-03T19:34:53.443313+00:00
2023-12-24,785.4,847.0,785.1,815.0,2175,815.0,2026-09-03T19:34:53.443313+00:00
2023-12-27,805.0,816.0,798.7,806.0,1876,806.0,2026-09-03T19:34:53.443313+00:00
2023-12-28,789.9,805.6,789.9,790.0,458,790.0,2026-09-03T19:34:53.443313+00:00
2024-01-01,805.7,820.0,792.0,792.0,889,792.0,2026-09-03T19:34:53.443313+00:00
2024-01-02,777.0,785.0,761.5,761.5,318,761.5,2026-09-03T19:34:53.443313+00:00
2024-01-03,752.2,804.0,752.2,804.0,685,804.0,2026-09-03T19:34:53.443313+00:00
2024-01-04,820.0,820.0,782.0,790.0,385,790.0,2026-09-03T19:34:53.443313+00:00
2024-01-07,775.1,805.8,775.1,795.6,867,795.6,2026-09-03T19:34:53.443313+00:00
2024-01-08,780.1,785.0,778.0,780.0,111,780.0,2026-09-03T19:34:53.443313+00:00
2024-01-09,775.0,811.5,775.0,807.8,1785,807.8,2026-09-03T19:34:53.443313+00:00
2024-01-10,820.0,827.8,820.0,824.9,471,824.9,2026-09-03T19:34:53.443313+00:00
2024-01-11,824.0,856.6,816.5,830.0,2159,830.0,2026-09-03T19:34:53.443313+00:00
2024-01-14,846.6,912.0,838.0,875.0,1137,875.0,2026-09-03T19:34:53.443313+00:00
2024-01-16,885.0,910.0,884.0,885.0,739,885.0,2026-09-03T19:34:53.443313+00:00
2024-01-17,890.0,973.0,880.0,900.0,2270,900.0,2026-09-03T19:34:53.443313+00:00
2024-01-18,883.0,900.0,867.0,899.9,672,899.9,2026-09-03T19:34:53.443313+00:00
2024-01-21,883.0,902.6,883.0,898.0,1850,898.0,2026-09-03T19:34:53.443313+00:00
2024-01-22,912.0,912.0,848.5,860.0,486,860.0,2026-09-03T19:34:53.443313+00:00
2024-01-23,850.0,875.0,850.0,857.5,222,857.5,2026-09-03T19:34:53.443313+00:00
2024-01-24,868.0,870.0,843.0,859.0,366,859.0,2026-09-03T19:34:53.443313+00:00
2024-01-25,842.0,923.1,842.0,843.0,1640,843.0,2026-09-03T19:34:53.443313+00:00
2024-01-28,846.0,874.0,846.0,874.0,269,874.0,2026-09-03T19:34:53.443313+00:00
2024-01-29,874.0,888.0,858.0,875.0,614,875.0,2026-09-03T19:34:53.443313+00:00
2024-01-30,875.0,875.0,857.0,857.0,640,857.0,2026-09-03T19:34:53.443313+00:00
2024-01-31,857.0,857.0,825.0,825.0,719,825.0,2026-09-03T19:34:53.443313+00:00
2024-02-01,825.0,825.0,810.0,810.1,70,810.1,2026-09-03T19:34:53.443313+00:00
2024-02-04,795.0,846.6,795.0,844.0,536,844.0,2026-09-03T19:34:53.443313+00:00
2024-02-05,827.2,830.0,810.7,830.0,252,830.0,2026-09-03T19:34:53.443313+00:00
2024-02-06,818.0,893.0,818.0,857.5,606,857.5,2026-09-03T19:34:53.443313+00:00
2024-02-07,843.0,843.0,842.0,842.1,32,842.1,2026-09-03T19:34:53.443313+00:00
2024-02-08,826.1,910.0,826.1,874.0,265,874.0,2026-09-03T19:34:53.443313+00:00
2024-02-11,857.3,861.0,841.1,861.0,71,861.0,2026-09-03T19:34:53.443313+00:00
2024-02-12,870.0,878.0,850.0,871.0,202,871.0,2026-09-03T19:34:53.443313+00:00
2024-02-13,887.9,888.0,842.1,850.0,965,850.0,2026-09-03T19:34:53.443313+00:00
2024-02-14,867.0,870.0,843.1,843.1,86,843.1,2026-09-03T19:34:53.443313+00:00
2024-02-15,843.0,846.8,830.1,834.1,314,834.1,2026-09-03T19:34:53.443313+00:00
2024-02-18,820.4,825.0,790.0,790.0,499,790.0,2026-09-03T19:34:53.443313+00:00
2024-02-20,785.0,812.0,785.0,786.0,635,786.0,2026-09-03T19:34:53.443313+00:00
2024-02-21,790.1,801.5,790.1,800.0,820,800.0,2026-09-03T19:34:53.443313+00:00
2024-02-22,800.0,880.0,800.0,818.0,766,818.0,2026-09-03T19:34:53.443313+00:00
2024-02-25,801.7,814.0,744.8,791.0,2066,791.0,2026-09-03T19:34:53.443313+00:00
2024-02-26,781.1,836.4,776.0,836.4,331,836.4,2026-09-03T19:34:53.443313+00:00
2024-02-27,819.7,820.0,803.4,820.0,124,820.0,2026-09-03T19:34:53.443313+00:00
2024-02-28,804.0,819.0,758.0,816.0,636,816.0,2026-09-03T19:34:53.443313+00:00
2024-02-29,800.1,820.0,800.1,801.0,858,801.0,2026-09-03T19:34:53.443313+00:00
2024-03-03,795.0,795.0,779.7,781.0,203,781.0,2026-09-03T19:34:53.443313+00:00
2024-03-05,796.6,796.6,765.5,770.5,927,770.5,2026-09-03T19:34:53.443313+00:00
2024-03-06,765.0,785.9,765.0,773.0,590,773.0,2026-09-03T19:34:53.443313+00:00
2024-03-07,788.4,799.0,775.0,790.0,403,790.0,2026-09-03T19:34:53.443313+00:00
2024-03-10,795.0,869.0,795.0,869.0,4289,869.0,2026-09-03T19:34:53.443313+00:00
2024-03-12,886.0,955.9,886.0,955.9,4317,955.9,2026-09-03T19:34:53.443313+00:00
2024-03-13,975.0,1051.4,975.0,1051.4,2925,1051.4,2026-09-03T19:34:53.443313+00:00
2024-03-14,1072.4,1156.5,1072.4,1156.5,3747,1156.5,2026-09-03T19:34:53.443313+00:00
2024-03-17,1179.6,1248.0,1060.0,1066.0,8314,1066.0,2026-09-03T19:34:53.443313+00:00
2024-03-18,1087.3,1107.0,984.0,1064.8,2234,1064.8,2026-09-03T19:34:53.443313+00:00
2024-03-19,1045.0,1107.7,1026.0,1099.0,2293,1099.0,2026-09-03T19:34:53.443313+00:00
2024-03-20,1077.1,1130.0,1077.1,1120.0,4395,1120.0,2026-09-03T19:34:53.443313+00:00
2024-03-21,1100.0,1117.0,1078.0,1100.0,668,1100.0,2026-09-03T19:34:53.443313+00:00
2024-03-25,1078.0,1165.0,1039.8,1060.0,2466,1060.0,2026-09-03T19:34:53.443313+00:00
2024-03-26,1081.2,1166.0,1055.0,1160.0,1406,1160.0,2026-09-03T19:34:53.443313+00:00
2024-03-27,1137.0,1248.0,1050.6,1150.0,3408,1150.0,2026-09-03T19:34:53.443313+00:00
2024-03-28,1127.0,1265.0,1100.0,1133.0,3947,1133.0,2026-09-03T19:34:53.443313+00:00
2024-03-31,1116.0,1199.0,1116.0,1199.0,2359,1199.0,2026-09-03T19:34:53.443313+00:00
2024-04-01,1175.1,1198.0,1130.0,1191.3,2698,1191.3,2026-09-03T19:34:53.443313+00:00
2024-04-02,1167.6,1300.0,1127.0,1274.0,3052,1274.0,2026-09-03T19:34:53.443313+00:00
2024-04-03,1248.6,1401.0,1146.6,1401.0,5098,1401.0,2026-09-03T19:34:53.443313+00:00
2024-04-04,1373.2,1540.0,1267.0,1530.0,6833,1530.0,2026-09-03T19:34:53.443313+00:00
2024-04-07,1499.4,1679.0,1384.0,1679.0,9744,1679.0,2026-09-03T19:34:53.443313+00:00
2024-04-09,1645.5,1645.5,1511.1,1511.1,7306,1511.1,2026-09-03T19:34:53.443313+00:00
2024-04-10,1480.9,1480.9,1360.0,1361.0,6608,1361.0,2026-09-03T19:34:53.443313+00:00
2024-04-14,1333.8,1440.0,1270.0,1400.0,3654,1400.0,2026-09-03T19:34:53.443313+00:00
2024-04-15,1420.0,1435.0,1353.0,1369.9,1612,1369.9,2026-09-03T19:34:53.443313+00:00
2024-04-16,1371.1,1371.1,1270.0,1319.9,2188,1319.9,2026-09-03T19:34:53.443313+00:00
2024-04-18,1296.0,1296.0,1243.0,1246.0,1609,1246.0,2026-09-03T19:34:53.443313+00:00
2024-04-21,1246.0,1295.0,1212.3,1295.0,2449,1295.0,2026-09-03T19:34:53.443313+00:00
2024-04-22,1296.0,1350.0,1270.0,1350.0,1892,1350.0,2026-09-03T19:34:53.443313+00:00
2024-04-24,1323.0,1349.4,1300.0,1340.0,2007,1340.0,2026-09-03T19:34:53.443313+00:00
2024-04-25,1314.0,1393.0,1290.0,1393.0,2227,1393.0,2026-09-03T19:34:53.443313+00:00
2024-04-28,1400.0,1400.0,1348.1,1372.0,1723,1372.0,2026-09-03T19:34:53.443313+00:00
2024-04-29,1360.0,1360.0,1300.0,1344.4,2662,1344.4,2026-09-03T19:34:53.443313+00:00
2024-04-30,1317.6,1340.0,1301.0,1325.0,757,1325.0,2026-09-03T19:34:53.443313+00:00
2024-05-02,1339.0,1410.0,1339.0,1365.0,7470,1365.0,2026-09-03T19:34:53.443313+00:00
2024-05-05,1365.0,1415.0,1343.0,1364.2,3290,1364.2,2026-09-03T19:34:53.443313+00:00
2024-05-06,1338.1,1350.0,1323.0,1325.2,879,1325.2,2026-09-03T19:34:53.443313+00:00
2024-05-07,1340.0,1378.0,1311.0,1341.0,1877,1341.0,2026-09-03T19:34:53.443313+00:00
2024-05-08,1335.0,1400.0,1322.3,1389.0,1549,1389.0,2026-09-03T19:34:53.443313+00:00
2024-05-09,1361.3,1385.0,1320.0,1330.0,970,1330.0,2026-09-03T19:34:53.443313+00:00
2024-05-12,1330.0,1330.0,1300.0,1300.0,1325,1300.0,2026-09-03T19:34:53.443313+00:00
2024-05-13,1290.0,1334.0,1290.0,1334.0,2042,1334.0,2026-09-03T19:34:53.443313+00:00
2024-05-14,1335.0,1413.0,1335.0,1412.0,6877,1412.0,2026-09-03T19:34:53.443313+00:00
2024-05-15,1435.0,1437.0,1372.0,1389.0,2904,1389.0,2026-09-03T19:34:53.443313+00:00
2024-05-16,1368.0,1469.8,1368.0,1453.0,8526,1453.0,2026-09-03T19:34:53.443313+00:00
2024-05-19,1482.0,1489.9,1411.2,1459.0,4459,1459.0,2026-09-03T19:34:53.443313+00:00
2024-05-20,1430.0,1546.0,1430.0,1471.9,5436,1471.9,2026-09-03T19:34:53.443313+00:00
2024-05-21,1443.0,1531.0,1430.0,1460.0,1051,1460.0,2026-09-03T19:34:53.443313+00:00
2024-05-22,1431.0,1544.0,1391.6,1544.0,4657,1544.0,2026-09-03T19:34:53.443313+00:00
2024-05-26,1544.0,1544.0,1425.0,1446.0,2486,1446.0,2026-09-03T19:34:53.443313+00:00
2024-05-27,1435.0,1519.0,1409.0,1440.0,1301,1440.0,2026-09-03T19:34:53.443313+00:00
2024-05-29,1425.0,1482.5,1398.0,1398.0,1745,1398.0,2026-09-03T19:34:53.443313+00:00
2024-05-30,1371.0,1424.0,1320.0,1366.0,3316,1366.0,2026-09-03T19:34:53.443313+00:00
2024-06-02,1388.0,1388.0,1351.0,1369.0,1246,1369.0,2026-09-03T19:34:53.443313+00:00
2024-06-03,1361.0,1450.0,1361.0,1435.0,2260,1435.0,2026-09-03T19:34:53.443313+00:00
2024-06-04,1407.0,1445.0,1407.0,1410.0,3242,1410.0,2026-09-03T19:34:53.443313+00:00
2024-06-05,1425.0,1450.0,1410.0,1440.0,3344,1440.0,2026-09-03T19:34:53.443313+00:00
2024-06-06,1440.0,1449.9,1400.0,1400.0,2341,1400.0,2026-09-03T19:34:53.443313+00:00
2024-06-09,1426.0,1426.0,1375.0,1394.0,1473,1394.0,2026-09-03T19:34:53.443313+00:00
2024-06-10,1370.0,1420.0,1370.0,1420.0,1818,1420.0,2026-09-03T19:34:53.443313+00:00
2024-06-11,1395.0,1419.0,1395.0,1417.0,536,1417.0,2026-09-03T19:34:53.443313+00:00
2024-06-12,1443.9,1443.9,1422.0,1427.0,2626,1427.0,2026-09-03T19:34:53.443313+00:00
2024-06-13,1450.0,1453.0,1392.6,1400.0,3481,1400.0,2026-09-03T19:34:53.443313+00:00
2024-06-16,1428.0,1428.0,1387.0,1387.0,1363,1387.0,2026-09-03T19:34:53.443313+00:00
2024-06-18,1413.0,1497.0,1388.0,1473.0,8602,1473.0,2026-09-03T19:34:53.443313+00:00
2024-06-19,1492.0,1579.8,1488.4,1569.0,12646,1569.0,2026-09-03T19:34:53.443313+00:00
2024-06-20,1569.0,1630.0,1520.0,1545.0,2295,1545.0,2026-09-03T19:34:53.443313+00:00
2024-06-23,1515.0,1515.0,1460.0,1484.0,2947,1484.0,2026-09-03T19:34:53.443313+00:00
2024-06-24,1484.0,1505.0,1460.1,1489.0,1740,1489.0,2026-09-03T19:34:53.443313+00:00
2024-06-25,1489.0,1492.0,1462.0,1462.0,964,1462.0,2026-09-03T19:34:53.443313+00:00
2024-06-26,1460.0,1489.9,1455.0,1464.0,2101,1464.0,2026-09-03T19:34:53.443313+00:00
2024-06-27,1451.1,1451.1,1442.0,1444.1,1254,1444.1,2026-09-03T19:34:53.443313+00:00
2024-06-30,1420.0,1444.0,1402.2,1420.9,746,1420.9,2026-09-03T19:34:53.443313+00:00
2024-07-01,1440.0,1440.0,1410.0,1429.0,1257,1429.0,2026-09-03T19:34:53.443313+00:00
2024-07-02,1452.0,1484.0,1410.0,1420.0,1296,1420.0,2026-09-03T19:34:53.443313+00:00
2024-07-03,1393.0,1420.0,1393.0,1420.0,2511,1420.0,2026-09-03T19:34:53.443313+00:00
2024-07-04,1420.0,1430.0,1401.1,1412.0,1964,1412.0,2026-09-03T19:34:53.443313+00:00
2024-07-07,1435.0,1484.0,1425.0,1425.0,1237,1425.0,2026-09-03T19:34:53.443313+00:00
2024-07-08,1450.0,1474.0,1435.7,1449.0,863,1449.0,2026-09-03T19:34:53.443313+00:00
2024-07-09,1441.0,1540.0,1441.0,1522.0,4932,1522.0,2026-09-03T19:34:53.443313+00:00
2024-07-10,1550.0,1638.0,1548.4,1560.0,5403,1560.0,2026-09-03T19:34:53.443313+00:00
2024-07-11,1580.0,1610.0,1535.2,1560.1,3701,1560.1,2026-09-03T19:34:53.443313+00:00
2024-07-14,1591.3,1623.0,1548.4,1557.1,3107,1557.1,2026-09-03T19:34:53.443313+00:00
2024-07-15,1570.0,1575.0,1503.0,1521.0,2061,1521.0,2026-09-03T19:34:53.443313+00:00
2024-07-16,1510.0,1560.0,1510.0,1560.0,1229,1560.0,2026-09-03T19:34:53.443313+00:00
2024-07-17,1579.0,1591.0,1553.0,1570.0,2992,1570.0,2026-09-03T19:34:53.443313+00:00
2024-07-18,1599.9,1659.0,1568.1,1605.0,5431,1605.0,2026-09-03T19:34:53.443313+00:00
2024-07-21,1637.0,1700.0,1632.7,1665.0,4066,1665.0,2026-09-03T19:34:53.443313+00:00
2024-07-22,1640.0,1641.0,1590.0,1630.0,3036,1630.0,2026-09-03T19:34:53.443313+00:00
2024-07-23,1640.0,1650.0,1621.0,1630.5,1574,1630.5,2026-09-03T19:34:53.443313+00:00
2024-07-24,1620.0,1635.0,1580.0,1589.0,2089,1589.0,2026-09-03T19:34:53.443313+00:00
2024-07-25,1600.0,1660.0,1600.0,1645.0,2748,1645.0,2026-09-03T19:34:53.443313+00:00
2024-07-28,1650.0,1666.6,1555.3,1632.0,3998,1632.0,2026-09-03T19:34:53.443313+00:00
2024-07-29,1635.0,1635.0,1544.0,1569.0,3046,1569.0,2026-09-03T19:34:53.443313+00:00
2024-07-30,1550.0,1565.0,1530.0,1550.0,1933,1550.0,2026-09-03T19:34:53.443313+00:00
2024-07-31,1579.0,1580.0,1550.0,1565.0,3059,1565.0,2026-09-03T19:34:53.443313+00:00
2024-08-01,1595.0,1595.0,1520.0,1530.0,2622,1530.0,2026-09-03T19:34:53.443313+00:00
2024-08-05,1530.0,1560.0,1511.0,1536.0,1785,1536.0,2026-09-03T19:34:53.443313+00:00
2024-08-06,1560.0,1564.0,1460.0,1470.0,2849,1470.0,2026-09-03T19:34:53.443313+00:00
2024-08-07,1480.0,1499.0,1431.0,1490.0,1932,1490.0,2026-09-03T19:34:53.443313+00:00
2024-08-08,1500.0,1560.0,1471.0,1471.0,2132,1471.0,2026-09-03T19:34:53.443313+00:00
2024-08-11,1500.0,1560.0,1443.0,1500.0,3573,1500.0,2026-09-03T19:34:53.443313+00:00
2024-08-12,1530.0,1549.0,1485.0,1513.0,1695,1513.0,2026-09-03T19:34:53.443313+00:00
2024-08-13,1543.0,1543.0,1470.0,1501.0,2540,1501.0,2026-09-03T19:34:53.443313+00:00
2024-08-14,1471.0,1528.0,1471.0,1490.0,1208,1490.0,2026-09-03T19:34:53.443313+00:00
2024-08-15,1490.0,1510.0,1460.0,1490.0,3684,1490.0,2026-09-03T19:34:53.443313+00:00
2024-08-18,1517.0,1518.0,1470.0,1475.0,2609,1475.0,2026-09-03T19:34:53.443313+00:00
2024-08-21,1490.0,1500.0,1471.0,1486.0,2878,1486.0,2026-09-03T19:34:53.443313+00:00
2024-08-22,1457.0,1600.0,1457.0,1566.3,5330,1566.3,2026-09-03T19:34:53.443313+00:00
2024-08-25,1590.0,1722.9,1580.0,1722.9,22041,1722.9,2026-09-03T19:34:53.443313+00:00
2024-08-27,1757.3,1895.0,1731.0,1843.0,12733,1843.0,2026-09-03T19:34:53.443313+00:00
2024-08-28,1843.1,1875.0,1685.0,1799.0,4826,1799.0,2026-09-03T19:34:53.443313+00:00
2024-08-29,1764.0,1789.0,1680.0,1694.0,4837,1694.0,2026-09-03T19:34:53.443313+00:00
2024-09-01,1725.0,1761.0,1700.0,1700.5,4825,1700.5,2026-09-03T19:34:53.443313+00:00
2024-09-02,1734.0,1775.0,1707.1,1767.0,5423,1767.0,2026-09-03T19:34:53.443313+00:00
2024-09-03,1799.0,1943.7,1770.0,1943.7,15821,1943.7,2026-09-03T19:34:53.443313+00:00
2024-09-04,1982.5,2138.0,1982.5,2138.0,4142,2138.0,2026-09-03T19:34:53.443313+00:00
2024-09-05,2180.7,2351.8,2180.7,2300.0,14875,2300.0,2026-09-03T19:34:53.443313+00:00
2024-09-08,2254.0,2425.0,2253.0,2254.0,10323,2254.0,2026-09-03T19:34:53.443313+00:00
2024-09-09,2280.0,2280.0,2080.0,2197.0,8825,2197.0,2026-09-03T19:34:53.443313+00:00
2024-09-10,2180.0,2267.0,2171.2,2185.0,3429,2185.0,2026-09-03T19:34:53.443313+00:00
2024-09-11,2228.0,2403.5,2185.1,2403.5,13911,2403.5,2026-09-03T19:34:53.443313+00:00
2024-09-12,2451.5,2643.8,2346.0,2643.8,7581,2643.8,2026-09-03T19:34:53.443313+00:00
2024-09-15,2696.6,2908.0,2591.0,2765.0,7813,2765.0,2026-09-03T19:34:53.443313+00:00
2024-09-16,2794.0,2814.9,2640.0,2660.0,6132,2660.0,2026-09-03T19:34:53.443313+00:00
2024-09-18,2613.2,2865.0,2521.0,2611.0,4257,2611.0,2026-09-03T19:34:53.443313+00:00
2024-09-22,2663.2,2700.0,2430.0,2501.0,2987,2501.0,2026-09-03T19:34:53.443313+00:00
2024-09-23,2550.0,2699.9,2410.0,2490.0,5587,2490.0,2026-09-03T19:34:53.443313+00:00
2024-09-24,2500.0,2555.1,2385.0,2400.0,6053,2400.0,2026-09-03T19:34:53.443313+00:00
2024-09-25,2448.0,2640.0,2448.0,2640.0,7816,2640.0,2026-09-03T19:34:53.443313+00:00
2024-09-26,2692.8,2900.0,2625.0,2900.0,7354,2900.0,2026-09-03T19:34:53.443313+00:00
2024-09-29,2842.0,3111.0,2655.0,3090.0,12453,3090.0,2026-09-03T19:34:53.443313+00:00
2024-09-30,3028.2,3240.0,2781.0,3240.0,21367,3240.0,2026-09-03T19:34:53.443313+00:00
2024-10-01,3175.2,3500.0,2916.0,3500.0,30580,3500.0,2026-09-03T19:34:53.443313+00:00
2024-10-02,3430.0,3430.0,3150.0,3150.0,2222,3150.0,2026-09-03T19:34:53.443313+00:00
2024-10-06,3087.0,3087.0,2835.0,2835.0,2439,2835.0,2026-09-03T19:34:53.443313+00:00
2024-10-07,2778.3,2778.3,2551.5,2661.0,10974,2661.0,2026-09-03T19:34:53.443313+00:00
2024-10-08,2661.0,2712.0,2630.0,2656.9,5515,2656.9,2026-09-03T19:34:53.443313+00:00
2024-10-09,2603.8,2670.0,2603.8,2640.0,5984,2640.0,2026-09-03T19:34:53.443313+00:00
2024-10-15,2590.1,2680.0,2590.1,2625.0,1328,2625.0,2026-09-03T19:34:53.443313+00:00
2024-10-16,2577.0,2750.0,2577.0,2730.0,3258,2730.0,2026-09-03T19:34:53.443313+00:00
2024-10-17,2675.4,2838.0,2675.0,2682.0,3234,2682.0,2026-09-03T19:34:53.443313+00:00
2024-10-20,2660.0,2660.0,2605.0,2606.0,5956,2606.0,2026-09-03T19:34:53.443313+00:00
2024-10-21,2561.0,2866.0,2561.0,2866.0,9852,2866.0,2026-09-03T19:34:53.443313+00:00
2024-10-22,2808.7,2979.0,2646.0,2730.0,10773,2730.0,2026-09-03T19:34:53.443313+00:00
2024-10-23,2700.0,2700.0,2626.0,2650.0,2215,2650.0,2026-09-03T19:34:53.443313+00:00
2024-10-24,2601.0,2630.5,2592.1,2597.1,2904,2597.1,2026-09-03T19:34:53.443313+00:00
2024-10-27,2585.0,2626.0,2545.2,2626.0,3902,2626.0,2026-09-03T19:34:53.443313+00:00
2024-10-28,2626.0,2626.0,2550.0,2550.0,3555,2550.0,2026-09-03T19:34:53.443313+00:00
2024-10-29,2570.0,2798.0,2540.0,2600.0,7399,2600.0,2026-09-03T19:34:53.443313+00:00
2024-10-30,2555.0,2599.0,2550.0,2578.0,3167,2578.0,2026-09-03T19:34:53.443313+00:00
2024-11-05,2550.0,2590.0,2540.0,2541.0,1303,2541.0,2026-09-03T19:34:53.443313+00:00
2024-11-06,2541.0,2570.0,2501.2,2525.0,2786,2525.0,2026-09-03T19:34:53.443313+00:00
2024-11-10,2500.0,2599.9,2500.0,2535.0,2749,2535.0,2026-09-03T19:34:53.443313+00:00
2024-11-11,2580.0,2668.0,2535.0,2668.0,7070,2668.0,2026-09-03T19:34:53.443313+00:00
2024-11-12,2668.0,2720.9,2583.0,2599.0,2334,2599.0,2026-09-03T19:34:53.443313+00:00
2024-11-13,2600.0,2602.0,2560.0,2595.0,1978,2595.0,2026-09-03T19:34:53.443313+00:00
2024-11-14,2602.0,2667.0,2602.0,2638.0,3855,2638.0,2026-09-03T19:34:53.443313+00:00
2024-11-17,2648.0,2700.0,2600.0,2620.0,5355,2620.0,2026-09-03T19:34:53.443313+00:00
2024-11-19,2570.0,2621.5,2535.1,2550.0,3475,2550.0,2026-09-03T19:34:53.443313+00:00
2024-11-20,2550.0,2592.0,2550.0,2560.0,957,2560.0,2026-09-03T19:34:53.443313+00:00
2024-11-21,2570.0,2599.9,2520.0,2520.0,1588,2520.0,2026-09-03T19:34:53.443313+00:00
2024-11-24,2490.0,2539.0,2402.0,2425.0,3830,2425.0,2026-09-03T19:34:53.443313+00:00
2024-11-25,2425.0,2448.0,2386.0,2400.0,1145,2400.0,2026-09-03T19:34:53.443313+00:00
2024-11-26,2448.0,2565.0,2404.0,2550.0,2355,2550.0,2026-09-03T19:34:53.443313+00:00
2024-11-27,2580.0,2631.6,2560.0,2595.0,2824,2595.0,2026-09-03T19:34:53.443313+00:00
2024-11-28,2646.0,2854.5,2595.0,2854.5,23630,2854.5,2026-09-03T19:34:53.443313+00:00
2024-12-01,2900.0,2940.0,2771.0,2867.9,6934,2867.9,2026-09-03T19:34:53.443313+00:00
2024-12-02,2900.0,2921.0,2670.0,2695.0,3661,2695.0,2026-09-03T19:34:53.443313+00:00
2024-12-03,2710.0,2808.0,2648.0,2660.1,3419,2660.1,2026-09-03T19:34:53.443313+00:00
2024-12-04,2661.1,2661.1,2620.0,2620.0,2341,2620.0,2026-09-03T19:34:53.443313+00:00
2024-12-05,2581.1,2708.0,2581.1,2669.0,4723,2669.0,2026-09-03T19:34:53.443313+00:00
2024-12-08,2688.0,2688.0,2520.1,2520.1,2220,2520.1,2026-09-03T19:34:53.443313+00:00
2024-12-09,2570.0,2710.0,2520.0,2569.0,2225,2569.0,2026-09-03T19:34:53.443313+00:00
2024-12-10,2530.0,2620.0,2530.0,2552.3,1729,2552.3,2026-09-03T19:34:53.443313+00:00
2024-12-11,2507.0,2619.0,2507.0,2619.0,970,2619.0,2026-09-03T19:34:53.443313+00:00
2024-12-12,2600.0,2600.0,2530.0,2590.0,1256,2590.0,2026-09-03T19:34:53.443313+00:00
2024-12-16,2545.2,2545.2,2496.0,2519.9,1051,2519.9,2026-09-03T19:34:53.443313+00:00
2024-12-17,2519.0,2771.8,2519.0,2634.5,4377,2634.5,2026-09-03T19:34:53.443313+00:00
2024-12-18,2687.1,2739.0,2600.0,2655.0,1798,2655.0,2026-09-03T19:34:53.443313+00:00
2024-12-19,2655.0,2655.0,2552.0,2552.0,1617,2552.0,2026-09-03T19:34:53.443313+00:00
2024-12-22,2600.0,2652.0,2535.1,2605.0,1444,2605.0,2026-09-03T19:34:53.443313+00:00
2024-12-23,2637.0,2640.0,2560.1,2595.9,755,2595.9,2026-09-03T19:34:53.443313+00:00
2024-12-24,2615.0,2692.0,2600.0,2612.0,2727,2612.0,2026-09-03T19:34:53.443313+00:00
2024-12-26,2660.0,2660.0,2565.1,2597.0,841,2597.0,2026-09-03T19:34:53.443313+00:00
2024-12-29,2648.8,2695.0,2500.0,2618.8,3262,2618.8,2026-09-03T19:34:53.443313+00:00
2024-12-31,2614.0,2649.0,2500.0,2550.0,1104,2550.0,2026-09-03T19:34:53.443313+00:00
2025-01-01,2580.0,2599.0,2540.0,2559.9,486,2559.9,2026-09-03T19:34:53.443313+00:00
2025-01-02,2555.0,2595.9,2545.0,2574.1,393,2574.1,2026-09-03T19:34:53.443313+00:00
2025-01-05,2600.0,2605.0,2500.1,2520.0,1270,2520.0,2026-09-03T19:34:53.443313+00:00
2025-01-06,2570.4,2612.0,2523.0,2560.0,1917,2560.0,2026-09-03T19:34:53.443313+00:00
2025-01-07,2540.1,2607.0,2510.2,2570.0,1620,2570.0,2026-09-03T19:34:53.443313+00:00
2025-01-08,2621.4,2637.0,2563.0,2600.0,1967,2600.0,2026-09-03T19:34:53.443313+00:00
2025-01-09,2649.0,2649.0,2510.0,2538.0,2433,2538.0,2026-09-03T19:34:53.443313+00:00
2025-01-12,2510.0,2791.8,2487.3,2791.8,13309,2791.8,2026-09-03T19:34:53.443313+00:00
2025-01-13,2847.0,3070.9,2812.0,2812.0,9362,2812.0,2026-09-03T19:34:53.443313+00:00
2025-01-15,2868.2,2868.2,2702.0,2750.0,3412,2750.0,2026-09-03T19:34:53.443313+00:00
2025-01-16,2715.0,3025.0,2696.2,3025.0,17497,3025.0,2026-09-03T19:34:53.443313+00:00
2025-01-19,3085.5,3327.5,3050.0,3300.0,21953,3300.0,2026-09-03T19:34:53.443313+00:00
2025-01-20,3234.0,3234.0,2970.0,2970.0,17609,2970.0,2026-09-03T19:34:53.443313+00:00
2025-01-21,2910.6,2910.6,2701.0,2841.0,3926,2841.0,2026-09-03T19:34:53.443313+00:00
2025-01-22,2785.0,2834.5,2730.0,2761.1,3470,2761.1,2026-09-03T19:34:53.443313+00:00
2025-01-23,2740.0,2835.0,2710.1,2771.0,2113,2771.0,2026-09-03T19:34:53.443313+00:00
2025-01-26,2771.1,2900.0,2771.0,2802.0,5026,2802.0,2026-09-03T19:34:53.443313+00:00
2025-01-27,2810.1,2844.0,2695.0,2784.0,3967,2784.0,2026-09-03T19:34:53.443313+00:00
2025-01-28,2733.1,2784.8,2730.0,2758.1,2098,2758.1,2026-09-03T19:34:53.443313+00:00
2025-02-02,2760.0,2949.8,2740.0,2790.0,7972,2790.0,2026-09-03T19:34:53.443313+00:00
2025-02-03,2800.0,2800.0,2690.5,2690.5,2771,2690.5,2026-09-03T19:34:53.443313+00:00
2025-02-04,2666.0,2690.0,2607.0,2610.1,4358,2610.1,2026-09-03T19:34:53.443313+00:00
2025-02-05,2662.0,2769.5,2608.9,2650.0,3371,2650.0,2026-09-03T19:34:53.443313+00:00
2025-02-06,2700.0,2700.0,2605.0,2650.0,4027,2650.0,2026-09-03T19:34:53.443313+00:00
2025-02-09,2702.0,2812.1,2649.0,2755.0,7137,2755.0,2026-09-03T19:34:53.443313+00:00
2025-02-10,2720.0,2810.0,2713.0,2713.3,2676,2713.3,2026-09-03T19:34:53.443313+00:00
2025-02-11,2705.0,2748.8,2695.0,2701.0,1820,2701.0,2026-09-03T19:34:53.443313+00:00
2025-02-12,2755.0,2810.0,2639.0,2639.0,2448,2639.0,2026-09-03T19:34:53.443313+00:00
2025-02-13,2690.9,2740.0,2650.0,2705.5,3035,2705.5,2026-09-03T19:34:53.443313+00:00
2025-02-16,2706.0,2976.0,2700.0,2976.0,10095,2976.0,2026-09-03T19:34:53.443313+00:00
2025-02-17,3020.0,3273.6,3020.0,3273.6,14396,3273.6,2026-09-03T19:34:53.443313+00:00
2025-02-18,3339.0,3600.9,3339.0,3600.9,21160,3600.9,2026-09-03T19:34:53.443313+00:00
2025-02-20,3599.0,3960.9,3368.0,3950.0,12046,3950.0,2026-09-03T19:34:53.443313+00:00
2025-02-23,3871.0,4271.0,3555.0,4199.0,16209,4199.0,2026-09-03T19:34:53.443313+00:00
2025-02-24,4115.1,4115.1,3779.1,3779.1,1483,3779.1,2026-09-03T19:34:53.443313+00:00
2025-02-25,3703.6,3703.6,3436.0,3440.0,4672,3440.0,2026-09-03T19:34:53.443313+00:00
2025-02-27,3371.2,3570.0,3371.2,3510.0,5170,3510.0,2026-09-03T19:34:53.443313+00:00
2025-03-02,3510.0,3651.0,3430.0,3440.0,3188,3440.0,2026-09-03T19:34:53.443313+00:00
2025-03-03,3500.0,3500.0,3262.2,3262.2,3427,3262.2,2026-09-03T19:34:53.443313+00:00
2025-03-04,3327.0,3340.0,3173.1,3280.0,2701,3280.0,2026-09-03T19:34:53.443313+00:00
2025-03-05,3217.0,3344.0,3217.0,3270.0,1625,3270.0,2026-09-03T19:34:53.443313+00:00
2025-03-06,3265.0,3335.0,3200.0,3270.0,1919,3270.0,2026-09-03T19:34:53.443313+00:00
2025-03-09,3333.0,3402.0,3211.0,3225.0,1460,3225.0,2026-09-03T19:34:53.443313+00:00
2025-03-10,3289.5,3500.0,3226.0,3500.0,5304,3500.0,2026-09-03T19:34:53.443313+00:00
2025-03-11,3430.0,3808.0,3243.8,3808.0,6335,3808.0,2026-09-03T19:34:53.443313+00:00
2025-03-12,3731.9,3731.9,3427.2,3427.2,1257,3427.2,2026-09-03T19:34:53.443313+00:00
2025-03-16,3358.7,3358.7,3130.0,3200.0,1359,3200.0,2026-09-03T19:34:53.443313+00:00
2025-03-17,3200.0,3237.0,3088.0,3104.0,2241,3104.0,2026-09-03T19:34:53.443313+00:00
2025-03-18,3166.0,3229.0,3090.0,3125.0,1199,3125.0,2026-09-03T19:34:53.443313+00:00
2025-03-19,3158.7,3158.8,3105.0,3105.0,516,3105.0,2026-09-03T19:34:53.443313+00:00
2025-03-20,3100.0,3147.0,3096.0,3102.65,765,3102.65,2026-09-03T19:34:53.443313+00:00
2025-03-23,3150.0,3200.0,3102.1,3112.32,3569,3112.32,2026-09-03T19:34:53.443313+00:00
2025-03-24,3110.0,3170.0,3096.0,3112.1,710,3112.1,2026-09-03T19:34:53.443313+00:00
2025-03-25,3095.8,3100.0,2900.0,2902.68,1806,2902.68,2026-09-03T19:34:53.443313+00:00
2025-03-26,2845.0,2920.0,2751.0,2906.55,1280,2906.55,2026-09-03T19:34:53.443313+00:00
2025-03-27,2900.0,3168.0,2870.0,3110.2,2286,3110.2,2026-09-03T19:34:53.443313+00:00
2025-03-30,3111.0,3116.9,3050.1,3078.29,944,3078.29,2026-09-03T19:34:53.443313+00:00
2025-04-01,3054.0,3054.0,2905.0,2989.0,1428,2989.0,2026-09-03T19:34:53.443313+00:00
2025-04-02,2941.0,3021.0,2929.3,2970.62,647,2970.62,2026-09-03T19:34:53.443313+00:00
2025-04-03,3000.0,3000.0,2777.0,2788.5,3587,2788.5,2026-09-03T19:34:53.443313+00:00
2025-04-07,2788.0,2800.0,2705.0,2726.28,1388,2726.28,2026-09-03T19:34:53.443313+00:00
2025-04-08,2680.0,2998.9,2636.0,2998.9,6891,2998.9,2026-09-03T19:34:53.443313+00:00
2025-04-09,3058.8,3298.7,3020.0,3238.51,12839,3238.51,2026-09-03T19:34:53.443313+00:00
2025-04-10,3173.8,3562.0,3031.0,3474.12,17257,3474.12,2026-09-03T19:34:53.443313+00:00
2025-04-13,3404.7,3404.7,3126.7,3126.7,4606,3126.7,2026-09-03T19:34:53.443313+00:00
2025-04-15,3064.2,3064.2,2911.0,2933.69,4280,2933.69,2026-09-03T19:34:53.443313+00:00
2025-04-16,2979.0,2979.0,2876.0,2887.39,1325,2887.39,2026-09-03T19:34:53.443313+00:00
2025-04-17,2875.1,2900.0,2829.8,2887.67,2077,2887.67,2026-09-03T19:34:53.443313+00:00
2025-04-20,2945.4,3175.0,2878.0,2985.59,34132,2985.59,2026-09-03T19:34:53.443313+00:00
2025-04-21,3045.3,3045.3,2815.0,2865.69,2048,2865.69,2026-09-03T19:34:53.443313+00:00
2025-04-22,2921.0,2979.4,2753.0,2870.7,3412,2870.7,2026-09-03T19:34:53.443313+00:00
2025-04-23,2927.9,2928.0,2793.0,2850.02,5329,2850.02,2026-09-03T19:34:53.443313+00:00
2025-04-24,2793.1,3135.0,2775.0,3057.81,4132,3057.81,2026-09-03T19:34:53.443313+00:00
2025-04-27,2996.7,2996.7,2752.1,2752.1,13491,2752.1,2026-09-03T19:34:53.443313+00:00
2025-04-28,2752.0,2754.0,2627.0,2670.32,3565,2670.32,2026-09-03T19:34:53.443313+00:00
2025-04-29,2620.0,2723.7,2617.0,2678.35,1502,2678.35,2026-09-03T19:34:53.443313+00:00
2025-04-30,2650.0,2922.0,2627.0,2913.2,7142,2913.2,2026-09-03T19:34:53.443313+00:00
2025-05-04,2855.0,2855.0,2621.9,2621.9,11511,2621.9,2026-09-03T19:34:53.443313+00:00
2025-05-05,2569.5,2870.0,2519.0,2834.48,8104,2834.48,2026-09-03T19:34:53.443313+00:00
2025-05-06,2777.8,2777.8,2551.1,2551.1,9384,2551.1,2026-09-03T19:34:53.443313+00:00
2025-05-07,2510.0,2544.9,2380.0,2524.12,2996,2524.12,2026-09-03T19:34:53.443313+00:00
2025-05-08,2526.0,2565.0,2500.0,2508.04,2715,2508.04,2026-09-03T19:34:53.443313+00:00
2025-05-11,2558.2,2560.0,2501.0,2505.0,2639,2505.0,2026-09-03T19:34:53.443313+00:00
2025-05-13,2505.0,2505.0,2415.0,2445.41,2093,2445.41,2026-09-03T19:34:53.443313+00:00
2025-05-14,2446.0,2560.1,2446.0,2508.47,4671,2508.47,2026-09-03T19:34:53.443313+00:00
2025-05-15,2475.0,2545.0,2471.0,2479.37,1089,2479.37,2026-09-03T19:34:53.443313+00:00
2025-05-18,2528.9,2726.0,2400.1,2715.56,4701,2715.56,2026-09-03T19:34:53.443313+00:00
2025-05-19,2661.3,2661.3,2444.0,2444.0,8293,2444.0,2026-09-03T19:34:53.443313+00:00
2025-05-20,2395.5,2395.5,2260.0,2368.38,4438,2368.38,2026-09-03T19:34:53.443313+00:00
2025-05-21,2415.0,2513.0,2372.1,2378.88,3195,2378.88,2026-09-03T19:34:53.443313+00:00
2025-05-22,2332.0,2400.0,2331.4,2377.18,2751,2377.18,2026-09-03T19:34:53.443313+00:00
2025-05-25,2390.0,2390.0,2350.2,2356.0,1223,2356.0,2026-09-03T19:34:53.443313+00:00
2025-05-26,2340.0,2407.0,2340.0,2348.64,2752,2348.64,2026-09-03T19:34:53.443313+00:00
2025-05-27,2350.0,2350.0,2310.0,2316.03,1941,2316.03,2026-09-03T19:34:53.443313+00:00
2025-05-28,2270.0,2325.7,2240.0,2270.09,3792,2270.09,2026-09-03T19:34:53.443313+00:00
2025-06-02,2265.0,2300.0,2193.0,2201.0,3919,2201.0,2026-09-03T19:34:53.443313+00:00
2025-06-03,2200.0,2200.0,2092.0,2166.3,3248,2166.3,2026-09-03T19:34:53.443313+00:00
2025-06-04,2130.0,2159.0,2098.0,2100.65,1344,2100.65,2026-09-03T19:34:53.443313+00:00
2025-06-05,2105.0,2287.9,2105.0,2180.21,3015,2180.21,2026-09-03T19:34:53.443313+00:00
2025-06-08,2200.0,2220.0,2116.0,2123.14,1675,2123.14,2026-09-03T19:34:53.443313+00:00
2025-06-09,2124.0,2167.5,2124.0,2149.26,906,2149.26,2026-09-03T19:34:53.443313+00:00
2025-06-10,2135.0,2150.0,2115.0,2146.54,1195,2146.54,2026-09-03T19:34:53.443313+00:00
2025-06-11,2131.0,2150.0,2110.0,2119.91,1517,2119.91,2026-09-03T19:34:53.443313+00:00
2025-06-12,2119.91,2150.0,2110.0,2137.3,1383,2137.3,2026-09-03T19:34:53.443313+00:00
2025-06-15,2137.5,2137.5,2100.0,2105.01,1689,2105.01,2026-09-03T19:34:53.443313+00:00
2025-06-16,2100.0,2125.0,2020.0,2089.0,3683,2089.0,2026-09-03T19:34:53.443313+00:00
2025-06-17,2052.0,2099.0,2052.0,2077.65,1398,2077.65,2026-09-03T19:34:53.443313+00:00
2025-06-18,2041.0,2070.0,2038.0,2043.65,1395,2043.65,2026-09-03T19:34:53.443313+00:00
2025-06-19,2020.0,2021.0,1975.0,1984.49,2136,1984.49,2026-09-03T19:34:53.443313+00:00
2025-06-22,1945.0,1950.0,1850.0,1882.88,4569,1882.88,2026-09-03T19:34:53.443313+00:00
2025-06-23,1885.0,1890.0,1800.0,1836.4,1891,1836.4,2026-09-03T19:34:53.443313+00:00
2025-06-24,1836.0,1875.0,1830.0,1845.06,1152,1845.06,2026-09-03T19:34:53.443313+00:00
2025-06-25,1840.0,1856.0,1811.0,1825.04,957,1825.04,2026-09-03T19:34:53.443313+00:00
2025-06-26,1810.0,1859.0,1810.0,1831.94,912,1831.94,2026-09-03T19:34:53.443313+00:00
2025-06-29,1820.0,2014.0,1820.0,1933.93,2456,1933.93,2026-09-03T19:34:53.443313+00:00
2025-06-30,1972.0,2127.0,1972.0,2111.15,6230,2111.15,2026-09-03T19:34:53.443313+00:00
2025-07-01,2127.3,2286.0,2127.3,2213.53,3897,2213.53,2026-09-03T19:34:53.443313+00:00
2025-07-02,2249.9,2259.0,2125.1,2140.21,2431,2140.21,2026-09-03T19:34:53.443313+00:00
2025-07-03,2126.1,2131.0,2070.1,2097.63,2635,2097.63,2026-09-03T19:34:53.443313+00:00
2025-07-06,2075.0,2272.9,2070.1,2147.1,2253,2147.1,2026-09-03T19:34:53.443313+00:00
2025-07-07,2120.0,2135.0,2105.0,2112.49,1071,2112.49,2026-09-03T19:34:53.443313+00:00
2025-07-08,2090.0,2125.0,2075.0,2088.94,1259,2088.94,2026-09-03T19:34:53.443313+00:00
2025-07-09,2125.0,2130.0,2091.0,2100.85,1021,2100.85,2026-09-03T19:34:53.443313+00:00
2025-07-10,2100.0,2129.0,2100.0,2116.49,1166,2116.49,2026-09-03T19:34:53.443313+00:00
2025-07-13,2158.8,2184.0,2130.0,2142.3,2181,2142.3,2026-09-03T19:34:53.443313+00:00
2025-07-14,2125.0,2150.0,2120.0,2121.86,1258,2121.86,2026-09-03T19:34:53.443313+00:00
2025-07-15,2115.1,2161.0,2090.0,2148.6,1628,2148.6,2026-09-03T19:34:53.443313+00:00
2025-07-16,2189.0,2189.0,2125.0,2162.5,1407,2162.5,2026-09-03T19:34:53.443313+00:00
2025-07-17,2200.0,2220.0,2180.0,2208.62,2229,2208.62,2026-09-03T19:34:53.443313+00:00
2025-07-20,2250.0,2252.0,2200.0,2206.28,3458,2206.28,2026-09-03T19:34:53.443313+00:00
2025-07-21,2206.0,2244.0,2180.0,2203.99,2046,2203.99,2026-09-03T19:34:53.443313+00:00
2025-07-22,2230.0,2270.0,2205.2,2262.91,3363,2262.91,2026-09-03T19:34:53.443313+00:00
2025-07-23,2300.0,2300.0,2230.1,2241.68,1764,2241.68,2026-09-03T19:34:53.443313+00:00
2025-07-24,2286.0,2286.0,2220.0,2223.91,1468,2223.91,2026-09-03T19:34:53.443313+00:00
2025-07-27,2265.0,2265.0,2180.0,2183.12,2099,2183.12,2026-09-03T19:34:53.443313+00:00
2025-07-28,2150.0,2194.0,2150.0,2163.05,634,2163.05,2026-09-03T19:34:53.443313+00:00
2025-07-29,2200.0,2205.0,2166.0,2188.84,1428,2188.84,2026-09-03T19:34:53.443313+00:00
2025-07-30,2188.0,2215.0,2130.0,2137.19,1634,2137.19,2026-09-03T19:34:53.443313+00:00
2025-07-31,2135.0,2150.0,2103.2,2109.92,1850,2109.92,2026-09-03T19:34:53.443313+00:00
2025-08-03,2076.0,2145.0,2068.0,2071.36,1698,2071.36,2026-09-03T19:34:53.443313+00:00
2025-08-04,2070.0,2070.0,2030.0,2056.62,1489,2056.62,2026-09-03T19:34:53.443313+00:00
2025-08-05,2051.0,2250.0,2051.0,2152.07,3562,2152.07,2026-09-03T19:34:53.443313+00:00
2025-08-06,2195.0,2367.2,2195.0,2367.2,13382,2367.2,2026-09-03T19:34:53.443313+00:00
2025-08-07,2414.0,2561.0,2325.0,2406.21,6231,2406.21,2026-09-03T19:34:53.443313+00:00
2025-08-11,2406.5,2406.5,2260.0,2268.52,6294,2268.52,2026-09-03T19:34:53.443313+00:00
2025-08-12,2240.0,2274.0,2195.2,2202.58,2433,2202.58,2026-09-03T19:34:53.443313+00:00
2025-08-13,2210.0,2243.0,2190.0,2198.62,894,2198.62,2026-09-03T19:34:53.443313+00:00
2025-08-14,2242.5,2242.5,2185.0,2198.26,1334,2198.26,2026-09-03T19:34:53.443313+00:00
2025-08-17,2155.0,2200.0,2155.0,2190.1,1435,2190.1,2026-09-03T19:34:53.443313+00:00
2025-08-18,2161.0,2195.0,2160.2,2163.59,1701,2163.59,2026-09-03T19:34:53.443313+00:00
2025-08-19,2190.0,2244.0,2170.0,2210.46,1244,2210.46,2026-09-03T19:34:53.443313+00:00
2025-08-20,2166.5,2250.0,2166.5,2172.78,1065,2172.78,2026-09-03T19:34:53.443313+00:00
2025-08-21,2172.0,2214.0,2151.0,2180.33,830,2180.33,2026-09-03T19:34:53.443313+00:00
2025-08-24,2200.0,2219.8,2169.0,2178.16,570,2178.16,2026-09-03T19:34:53.443313+00:00
2025-08-25,2221.0,2248.0,2166.1,2189.19,746,2189.19,2026-09-03T19:34:53.443313+00:00
2025-08-26,2150.1,2224.0,2150.0,2150.48,845,2150.48,2026-09-03T19:34:53.443313+00:00
2025-08-27,2190.0,2233.0,2149.0,2170.0,995,2170.0,2026-09-03T19:34:53.443313+00:00
2025-08-28,2210.0,2210.0,2137.0,2140.2,1149,2140.2,2026-09-03T19:34:53.443313+00:00
2025-08-31,2140.0,2160.0,2105.3,2114.64,609,2114.64,2026-09-03T19:34:53.443313+00:00
2025-09-01,2085.2,2135.0,2085.2,2104.51,1060,2104.51,2026-09-03T19:34:53.443313+00:00
2025-09-02,2104.51,2146.6,2061.1,2087.63,1287,2087.63,2026-09-03T19:34:53.443313+00:00
2025-09-03,2129.3,2171.0,2050.1,2088.88,380,2088.88,2026-09-03T19:34:53.443313+00:00
2025-09-04,2130.0,2130.0,2020.0,2034.72,1610,2034.72,2026-09-03T19:34:53.443313+00:00
2025-09-07,2035.0,2137.0,2035.0,2045.22,810,2045.22,2026-09-03T19:34:53.443313+00:00
2025-09-08,2025.5,2036.2,1970.0,1985.06,1656,1985.06,2026-09-03T19:34:53.443313+00:00
2025-09-18,1945.4,1945.4,1906.5,1906.5,121,1906.5,2026-09-03T19:34:53.443313+00:00
2025-09-21,1907.0,2089.7,1900.0,2074.88,2155,2074.88,2026-09-03T19:34:53.443313+00:00
2025-09-23,2116.0,2190.0,2116.0,2168.0,970,2168.0,2026-09-03T19:34:53.443313+00:00
2025-09-24,2211.3,2255.0,2122.0,2122.0,895,2122.0,2026-09-03T19:34:53.443313+00:00
2025-09-25,2100.0,2134.0,2072.0,2073.0,845,2073.0,2026-09-03T19:34:53.443313+00:00
2025-09-28,2110.0,2114.4,2080.0,2100.0,166,2100.0,2026-09-03T19:34:53.443313+00:00
2025-10-07,2100.0,2100.0,2017.0,2045.0,452,2045.0,2026-09-03T19:34:53.443313+00:00
2025-10-08,2010.0,2120.0,2005.0,2120.0,565,2120.0,2026-09-03T19:34:53.443313+00:00
2025-10-09,2161.0,2161.0,2094.0,2095.0,571,2095.0,2026-09-03T19:34:53.443313+00:00
2025-10-12,2053.1,2053.1,2005.0,2049.9,496,2049.9,2026-09-03T19:34:53.443313+00:00
2025-10-13,2050.0,2050.0,2006.0,2010.0,340,2010.0,2026-09-03T19:34:53.443313+00:00
2025-10-14,2010.0,2020.0,2000.0,2000.0,531,2000.0,2026-09-03T19:34:53.443313+00:00
2025-10-15,1970.0,1999.2,1960.0,1980.0,593,1980.0,2026-09-03T19:34:53.443313+00:00
2025-10-16,1946.1,1946.1,1903.0,1945.0,192,1945.0,2026-09-03T19:34:53.443313+00:00
2025-10-19,1945.0,1960.0,1945.0,1960.0,121,1960.0,2026-09-03T19:34:53.443313+00:00
2025-10-26,1932.0,1940.0,1925.0,1930.0,177,1930.0,2026-09-03T19:34:53.443313+00:00
2025-10-28,1968.6,2000.0,1968.6,1990.0,252,1990.0,2026-09-03T19:34:53.443313+00:00
2025-10-29,1995.0,2005.0,1991.0,1991.0,654,1991.0,2026-09-03T19:34:53.443313+00:00
2025-10-30,1955.0,2072.0,1951.2,2030.0,1482,2030.0,2026-09-03T19:34:53.443313+00:00
2025-11-02,2005.0,2121.6,2005.0,2098.0,994,2098.0,2026-09-03T19:34:53.443313+00:00
2025-11-03,2056.2,2092.0,2030.2,2032.1,625,2032.1,2026-09-03T19:34:53.443313+00:00
2025-11-04,2000.0,2040.0,1970.0,2030.0,503,2030.0,2026-09-03T19:34:53.443313+00:00
2025-11-05,1990.0,2017.5,1978.0,2000.0,431,2000.0,2026-09-03T19:34:53.443313+00:00
2025-11-06,1975.0,2039.9,1975.0,2039.0,493,2039.0,2026-09-03T19:34:53.443313+00:00
2025-11-09,2000.0,2040.0,1960.2,2037.0,564,2037.0,2026-09-03T19:34:53.443313+00:00
2025-11-10,1997.0,2036.9,1969.0,2034.0,292,2034.0,2026-09-03T19:34:53.443313+00:00
2025-11-11,2000.0,2000.0,1990.0,1990.0,186,1990.0,2026-09-03T19:34:53.443313+00:00
2025-11-12,1960.0,1965.0,1955.3,1960.0,345,1960.0,2026-09-03T19:34:53.443313+00:00
2025-11-13,1999.0,1999.0,1941.0,1945.0,455,1945.0,2026-09-03T19:34:53.443313+00:00
2025-11-16,1930.1,2010.0,1911.2,1968.6,491,1968.6,2026-09-03T19:34:53.443313+00:00
2025-11-17,1935.0,1989.0,1935.0,1989.0,140,1989.0,2026-09-03T19:34:53.443313+00:00
2025-11-18,2028.7,2028.7,1949.4,2007.0,409,2007.0,2026-09-03T19:34:53.443313+00:00
2025-11-19,1990.0,2009.0,1942.3,2009.0,359,2009.0,2026-09-03T19:34:53.443313+00:00
2025-11-20,1968.9,1995.0,1950.0,1970.0,329,1970.0,2026-09-03T19:34:53.443313+00:00
2025-11-23,2000.0,2009.0,1966.1,2008.0,441,2008.0,2026-09-03T19:34:53.443313+00:00
2025-11-24,2048.0,2048.1,1979.6,2030.0,322,2030.0,2026-09-03T19:34:53.443313+00:00
2025-11-25,2001.1,2019.0,1991.0,2019.0,513,2019.0,2026-09-03T19:34:53.443313+00:00
2025-11-26,2034.0,2034.0,1983.0,2010.0,141,2010.0,2026-09-03T19:34:53.443313+00:00
2025-11-27,1982.0,2015.0,1980.0,1998.5,618,1998.5,2026-09-03T19:34:53.443313+00:00
2025-11-30,2015.0,2025.0,1960.0,1995.9,322,1995.9,2026-09-03T19:34:53.443313+00:00
2025-12-01,1960.5,1999.0,1960.5,1977.0,314,1977.0,2026-09-03T19:34:53.443313+00:00
2025-12-02,1980.0,1985.0,1968.0,1975.0,516,1975.0,2026-09-03T19:34:53.443313+00:00
2025-12-03,1976.0,1985.0,1966.0,1966.0,359,1966.0,2026-09-03T19:34:53.443313+00:00
2025-12-07,1930.2,1975.0,1930.1,1955.0,574,1955.0,2026-09-03T19:34:53.443313+00:00
2025-12-08,1931.0,1959.0,1930.4,1946.0,662,1946.0,2026-09-03T19:34:53.443313+00:00
2025-12-09,1950.1,1965.0,1920.0,1955.0,757,1955.0,2026-09-03T19:34:53.443313+00:00
2025-12-10,1921.0,1994.0,1921.0,1947.0,472,1947.0,2026-09-03T19:34:53.443313+00:00
2025-12-11,1947.0,1949.9,1930.0,1949.9,411,1949.9,2026-09-03T19:34:53.443313+00:00
2025-12-14,1950.0,1970.0,1930.0,1940.0,431,1940.0,2026-09-03T19:34:53.443313+00:00
2025-12-15,1930.0,1963.0,1930.0,1936.0,596,1936.0,2026-09-03T19:34:53.443313+00:00
2025-12-16,1940.0,1950.0,1918.5,1918.5,774,1918.5,2026-09-03T19:34:53.443313+00:00
2025-12-17,1955.0,1955.0,1912.0,1912.0,965,1912.0,2026-09-03T19:34:53.443313+00:00
2025-12-18,1950.0,1950.2,1905.0,1925.0,473,1925.0,2026-09-03T19:34:53.443313+00:00
2025-12-21,1900.0,1926.9,1900.0,1926.9,910,1926.9,2026-09-03T19:34:53.443313+00:00
2025-12-22,1901.0,1939.0,1863.0,1890.0,968,1890.0,2026-09-03T19:34:53.443313+00:00
2025-12-23,1860.0,1889.5,1855.0,1874.0,1053,1874.0,2026-09-03T19:34:53.443313+00:00
2025-12-24,1840.0,1908.0,1836.6,1847.0,802,1847.0,2026-09-03T19:34:53.443313+00:00
2025-12-28,1810.1,1810.1,1662.3,1662.3,4521,1662.3,2026-09-03T19:34:53.443313+00:00
2025-12-29,1629.1,1629.1,1496.1,1496.1,5140,1496.1,2026-09-03T19:34:53.443313+00:00
2025-12-31,1466.2,1466.2,1346.5,1346.5,6175,1346.5,2026-09-03T19:34:53.443313+00:00
2026-01-01,1319.6,1481.1,1242.1,1481.1,5412,1481.1,2026-09-03T19:34:53.443313+00:00
2026-01-04,1510.7,1629.2,1490.0,1629.2,17318,1629.2,2026-09-03T19:34:53.443313+00:00
2026-01-05,1660.0,1789.0,1629.0,1757.0,10819,1757.0,2026-09-03T19:34:53.443313+00:00
2026-01-06,1791.9,1791.9,1581.3,1700.0,4193,1700.0,2026-09-03T19:34:53.443313+00:00
2026-01-07,1734.0,1734.0,1576.0,1606.0,4258,1606.0,2026-09-03T19:34:53.443313+00:00
2026-01-08,1589.0,1606.0,1550.0,1603.5,3458,1603.5,2026-09-03T19:34:53.443313+00:00
2026-01-12,1604.0,1667.0,1590.0,1590.0,2168,1590.0,2026-09-03T19:34:53.443313+00:00
2026-01-13,1600.0,1600.0,1530.0,1530.0,7408,1530.0,2026-09-03T19:34:53.443313+00:00
2026-01-14,1560.0,1560.0,1498.6,1505.0,2735,1505.0,2026-09-03T19:34:53.443313+00:00
2026-01-18,1502.0,1654.5,1502.0,1593.0,3810,1593.0,2026-09-03T19:34:53.443313+00:00
2026-01-20,1624.0,1630.0,1593.0,1603.0,2783,1603.0,2026-09-03T19:34:53.443313+00:00
2026-01-21,1635.0,1665.0,1605.0,1605.0,2294,1605.0,2026-09-03T19:34:53.443313+00:00
2026-01-22,1600.0,1600.0,1570.0,1597.0,1904,1597.0,2026-09-03T19:34:53.443313+00:00
2026-01-25,1624.0,1624.0,1590.0,1594.0,3718,1594.0,2026-09-03T19:34:53.443313+00:00
2026-01-26,1595.0,1600.0,1570.0,1588.0,3897,1588.0,2026-09-03T19:34:53.443313+00:00
2026-01-27,1587.5,1615.0,1587.0,1587.0,2750,1587.0,2026-09-03T19:34:53.443313+00:00
2026-01-28,1565.0,1588.5,1565.0,1585.0,2223,1585.0,2026-09-03T19:34:53.443313+00:00
2026-01-29,1609.0,1609.0,1561.6,1566.6,1642,1566.6,2026-09-03T19:34:53.443313+00:00
2026-02-01,1560.0,1580.0,1530.0,1540.0,2262,1540.0,2026-09-03T19:34:53.443313+00:00
2026-02-02,1530.0,1569.0,1530.0,1535.0,1953,1535.0,2026-09-03T19:34:53.443313+00:00
2026-02-03,1532.0,1540.0,1513.0,1517.0,1543,1517.0,2026-09-03T19:34:53.443313+00:00
2026-02-04,1547.3,1577.9,1510.0,1510.0,1177,1510.0,2026-09-03T19:34:53.443313+00:00
2026-02-05,1527.0,1539.0,1515.0,1525.0,1475,1525.0,2026-09-03T19:34:53.443313+00:00
2026-02-08,1500.0,1550.0,1500.0,1526.0,1069,1526.0,2026-09-03T19:34:53.443313+00:00
2026-02-09,1540.0,1541.0,1505.0,1505.0,1022,1505.0,2026-09-03T19:34:53.443313+00:00
2026-02-10,1501.0,1533.0,1501.0,1505.0,1019,1505.0,2026-09-03T19:34:53.443313+00:00
2026-02-11,1515.0,1522.0,1500.0,1502.0,672,1502.0,2026-09-03T19:34:53.443313+00:00
2026-02-12,1502.0,1502.0,1477.0,1501.0,1782,1501.0,2026-09-03T19:34:53.443313+00:00
2026-02-16,1500.0,1500.0,1482.0,1482.1,633,1482.1,2026-09-03T19:34:53.443313+00:00
2026-02-17,1482.0,1490.0,1461.0,1468.0,994,1468.0,2026-09-03T19:34:53.443313+00:00
2026-02-22,1439.0,1450.0,1382.1,1408.0,2559,1408.0,2026-09-03T19:34:53.443313+00:00
2026-02-23,1408.0,1426.9,1408.0,1412.0,373,1412.0,2026-09-03T19:34:53.443313+00:00
2026-02-24,1420.0,1440.0,1400.0,1439.9,964,1439.9,2026-09-03T19:34:53.443313+00:00
2026-02-25,1455.0,1583.0,1455.0,1579.0,2290,1579.0,2026-09-03T19:34:53.443313+00:00
2026-02-26,1610.0,1635.0,1545.5,1570.0,1755,1570.0,2026-09-03T19:34:53.443313+00:00
2026-03-01,1539.0,1550.0,1519.0,1535.0,1515,1535.0,2026-09-03T19:34:53.443313+00:00
2026-03-03,1505.0,1550.0,1505.0,1550.0,829,1550.0,2026-09-03T19:34:53.443313+00:00
2026-03-10,1581.0,1705.0,1581.0,1625.0,5766,1625.0,2026-09-03T19:34:53.443313+00:00
2026-03-11,1657.5,1657.5,1585.0,1595.0,1341,1595.0,2026-09-03T19:34:53.443313+00:00
2026-03-12,1595.0,1620.0,1595.0,1600.0,1242,1600.0,2026-09-03T19:34:53.443313+00:00
2026-03-15,1600.0,1632.0,1572.0,1581.0,1055,1581.0,2026-09-03T19:34:53.443313+00:00
2026-03-16,1607.9,1607.9,1550.0,1580.0,1814,1580.0,2026-09-03T19:34:53.443313+00:00
2026-03-17,1582.0,1596.0,1560.0,1560.0,526,1560.0,2026-09-03T19:34:53.443313+00:00
2026-03-19,1585.0,1591.0,1565.0,1566.9,1493,1566.9,2026-09-03T19:34:53.443313+00:00
2026-03-22,1590.0,1625.0,1590.0,1625.0,5179,1625.0,2026-09-03T19:34:53.443313+00:00
2026-03-23,1656.0,1751.0,1656.0,1720.0,7886,1720.0,2026-09-03T19:34:53.443313+00:00
2026-03-24,1725.0,1725.0,1680.0,1684.0,1036,1684.0,2026-09-03T19:34:53.443313+00:00
2026-03-25,1670.0,1670.0,1630.0,1630.0,1658,1630.0,2026-09-03T19:34:53.443313+00:00
2026-03-26,1630.0,1723.0,1630.0,1662.0,1186,1662.0,2026-09-03T19:34:53.443313+00:00
2026-03-29,1662.0,1662.0,1565.1,1599.0,3093,1599.0,2026-09-03T19:34:53.443313+00:00
2026-03-30,1585.0,1630.0,1575.0,1577.1,1379,1577.1,2026-09-03T19:34:53.443313+00:00
2026-03-31,1585.0,1600.0,1560.0,1570.0,694,1570.0,2026-09-03T19:34:53.443313+00:00
2026-04-01,1580.0,1588.0,1542.6,1542.6,1454,1542.6,2026-09-03T19:34:53.443313+00:00
2026-04-02,1542.0,1614.0,1515.0,1555.0,2298,1555.0,2026-09-03T19:34:53.443313+00:00
2026-04-05,1555.0,1555.0,1457.2,1487.1,1524,1487.1,2026-09-03T19:34:53.443313+00:00
2026-04-06,1516.8,1535.0,1490.0,1515.0,1180,1515.0,2026-09-03T19:34:53.443313+00:00
2026-04-07,1516.0,1540.0,1516.0,1520.0,764,1520.0,2026-09-03T19:34:53.443313+00:00
2026-04-08,1516.1,1550.0,1500.0,1515.5,533,1515.5,2026-09-03T19:34:53.443313+00:00
2026-04-09,1488.0,1550.1,1488.0,1535.0,833,1535.0,2026-09-03T19:34:53.443313+00:00
2026-04-10,1550.1,1550.1,1507.3,1514.0,506,1514.0,2026-09-03T19:34:53.443313+00:00
2026-04-13,1510.0,1542.0,1510.0,1515.2,468,1515.2,2026-09-03T19:34:53.443313+00:00
2026-04-15,1515.2,1545.5,1502.0,1502.0,1404,1502.0,2026-09-03T19:34:53.443313+00:00
2026-04-16,1502.0,1532.0,1502.0,1510.0,329,1510.0,2026-09-03T19:34:53.443313+00:00
2026-04-17,1510.0,1520.0,1500.0,1500.0,343,1500.0,2026-09-03T19:34:53.443313+00:00
2026-04-20,1540.0,1591.0,1490.0,1510.0,585,1510.0,2026-09-03T19:34:53.443313+00:00
2026-04-21,1498.0,1510.0,1481.0,1501.0,276,1501.0,2026-09-03T19:34:53.443313+00:00
2026-04-22,1500.0,1510.0,1486.0,1505.0,326,1505.0,2026-09-03T19:34:53.443313+00:00
2026-04-23,1485.0,1529.5,1485.0,1514.0,520,1514.0,2026-09-03T19:34:53.443313+00:00
2026-04-24,1530.0,1530.0,1490.0,1500.0,239,1500.0,2026-09-03T19:34:53.443313+00:00
2026-04-27,1500.0,1500.0,1485.0,1500.0,247,1500.0,2026-09-03T19:34:53.443313+00:00
2026-04-28,1500.0,1490.0,1480.0,1482.0,992,1482.0,2026-09-03T19:34:53.443313+00:00
2026-04-29,1482.0,1470.0,1441.1,1460.0,762,1460.0,2026-09-03T19:34:53.443313+00:00
2026-04-30,1460.0,1460.0,1417.0,1417.0,895,1417.0,2026-09-03T19:34:53.443313+00:00
2026-05-04,1382.0,1441.0,1375.0,1416.1,822,1416.1,2026-09-03T19:34:53.443313+00:00
2026-05-05,1414.0,1442.0,1376.0,1415.0,656,1415.0,2026-09-03T19:34:53.443313+00:00
2026-05-06,1450.0,1450.0,1400.0,1405.0,101,1405.0,2026-09-03T19:34:53.443313+00:00
2026-05-07,1378.1,1405.0,1378.1,1396.0,232,1396.0,2026-09-03T19:34:53.443313+00:00
2026-05-08,1437.8,1437.8,1390.0,1430.0,354,1430.0,2026-09-03T19:34:53.443313+00:00
2026-05-11,1450.0,1550.0,1450.0,1503.1,466,1503.1,2026-09-03T19:34:53.443313+00:00
2026-05-12,1503.0,1503.0,1458.5,1460.0,276,1460.0,2026-09-03T19:34:53.443313+00:00
2026-05-13,1500.0,1500.0,1450.0,1460.0,95,1460.0,2026-09-03T19:34:53.443313+00:00
2026-05-14,1460.0,1460.0,1450.0,1460.0,220,1460.0,2026-09-03T19:34:53.443313+00:00
2026-05-15,1460.0,1460.0,1435.0,1450.0,411,1450.0,2026-09-03T19:34:53.443313+00:00
2026-05-18,1493.0,1530.0,1428.0,1430.0,142,1430.0,2026-09-03T19:34:53.443313+00:00
2026-05-19,1430.0,1470.0,1430.0,1432.0,206,1432.0,2026-09-03T19:34:53.443313+00:00
2026-05-20,1430.0,1469.9,1430.0,1460.0,200,1460.0,2026-09-03T19:34:53.443313+00:00
2026-05-21,1484.0,1499.0,1454.1,1454.1,93,1454.1,2026-09-03T19:34:53.443313+00:00
2026-05-22,1485.0,1485.0,1441.0,1480.0,73,1480.0,2026-09-03T19:34:53.443313+00:00
2026-05-25,1499.0,1499.0,1455.0,1496.5,403,1496.5,2026-09-03T19:34:53.443313+00:00
2026-05-26,1454.0,1505.0,1454.0,1495.0,556,1495.0,2026-09-03T19:34:53.443313+00:00
2026-05-27,1451.0,1499.0,1451.0,1470.0,555,1470.0,2026-09-03T19:34:53.443313+00:00
2026-06-01,1470.0,1499.0,1430.2,1431.0,153,1431.0,2026-09-03T19:34:53.443313+00:00
2026-06-02,1431.0,1450.0,1431.0,1437.1,472,1437.1,2026-09-03T19:34:53.443313+00:00
2026-06-03,1432.0,1450.0,1431.0,1450.0,158,1450.0,2026-09-03T19:34:53.443313+00:00
2026-06-04,1429.0,1431.0,1429.0,1430.0,41,1430.0,2026-09-03T19:34:53.443313+00:00
2026-06-05,1430.0,1472.9,1430.0,1451.0,95,1451.0,2026-09-03T19:34:53.443313+00:00
2026-06-08,1430.0,1459.0,1430.0,1436.0,144,1436.0,2026-09-03T19:34:53.443313+00:00
2026-06-09,1435.0,1445.0,1433.5,1433.5,104,1433.5,2026-09-03T19:34:53.443313+00:00
2026-06-10,1401.0,1435.0,1401.0,1427.0,165,1427.0,2026-09-03T19:34:53.443313+00:00
2026-06-11,1401.0,1420.0,1401.0,1420.0,267,1420.0,2026-09-03T19:34:53.443313+00:00
2026-06-12,1402.0,1428.0,1400.0,1402.0,379,1402.0,2026-09-03T19:34:53.443313+00:00
2026-06-15,1402.0,1421.0,1375.1,1421.0,241,1421.0,2026-09-03T19:34:53.443313+00:00
2026-06-16,1420.0,1420.0,1420.0,1420.0,85,1420.0,2026-09-03T19:34:53.443313+00:00
2026-06-17,1400.0,1420.0,1400.0,1420.0,186,1420.0,2026-09-03T19:34:53.443313+00:00
2026-06-18,1420.0,1449.0,1400.0,1405.0,222,1405.0,2026-09-03T19:34:53.443313+00:00
2026-06-19,1366.0,1408.0,1365.0,1404.0,170,1404.0,2026-09-03T19:34:53.443313+00:00
2026-06-22,1370.0,1391.0,1370.0,1390.0,163,1390.0,2026-09-03T19:34:53.443313+00:00
2026-06-23,1385.0,1390.0,1385.0,1390.0,116,1390.0,2026-09-03T19:34:53.443313+00:00
2026-06-24,1350.1,1390.0,1350.0,1390.0,83,1390.0,2026-09-03T19:34:53.443313+00:00
2026-06-25,1400.0,1400.0,1370.2,1370.2,127,1370.2,2026-09-03T19:34:53.443313+00:00
2026-06-26,1370.2,1370.2,1360.0,1360.0,11,1360.0,2026-09-03T19:34:53.443313+00:00
2026-06-29,1365.0,1365.0,1320.0,1350.0,630,1350.0,2026-09-03T19:34:53.443313+00:00
2026-06-30,1350.0,1350.0,1315.0,1330.0,100,1330.0,2026-09-03T19:34:53.443313+00:00
2026-07-01,1369.0,1495.0,1365.0,1370.0,320,1370.0,2026-09-03T19:34:53.443313+00:00
2026-07-02,1370.0,1370.0,1351.3,1353.0,180,1353.0,2026-09-03T19:34:53.443313+00:00
2026-07-03,1353.0,1370.0,1353.0,1370.0,45,1370.0,2026-09-03T19:34:53.443313+00:00
2026-07-06,1370.0,1390.0,1331.1,1350.0,127,1350.0,2026-09-03T19:34:53.443313+00:00
2026-07-07,1350.0,1380.0,1350.0,1352.2,116,1352.2,2026-09-03T19:34:53.443313+00:00
2026-07-08,1328.1,1368.0,1328.0,1346.0,88,1346.0,2026-09-03T19:34:53.443313+00:00
2026-07-09,1321.0,1326.0,1320.0,1326.0,67,1326.0,2026-09-03T19:34:53.443313+00:00
2026-07-10,1330.0,1335.0,1300.0,1335.0,499,1335.0,2026-09-03T19:34:53.443313+00:00
2026-07-13,1320.0,1358.0,1320.0,1340.0,181,1340.0,2026-09-03T19:34:53.443313+00:00
2026-07-14,1300.3,1358.0,1300.2,1358.0,105,1358.0,2026-09-03T19:34:53.443313+00:00
2026-07-15,1321.0,1380.0,1321.0,1380.0,175,1380.0,2026-09-03T19:34:53.443313+00:00
2026-07-16,1395.0,1410.0,1350.1,1350.1,610,1350.1,2026-09-03T19:34:53.443313+00:00
2026-07-17,1350.0,1390.5,1350.0,1381.0,281,1381.0,2026-09-03T19:34:53.443313+00:00
2026-07-20,1360.0,1399.0,1350.6,1370.0,343,1370.0,2026-09-03T19:34:53.443313+00:00
2026-07-21,1380.0,1405.0,1370.0,1378.1,965,1378.1,2026-09-03T19:34:53.443313+00:00
2026-07-22,1369.0,1369.0,1368.0,1368.0,154,1368.0,2026-09-03T19:34:53.443313+00:00
2026-07-23,1332.0,1408.0,1327.0,1368.0,529,1368.0,2026-09-03T19:34:53.443313+00:00
2026-07-24,1398.0,1400.0,1370.0,1374.0,357,1374.0,2026-09-03T19:34:53.443313+00:00
2026-07-27,1405.0,1415.0,1361.0,1361.0,533,1361.0,2026-09-03T19:34:53.443313+00:00
2026-07-28,1363.0,1390.0,1350.0,1352.7,345,1352.7,2026-09-03T19:34:53.443313+00:00
2026-07-29,1353.1,1355.0,1353.0,1354.0,137,1354.0,2026-09-03T19:34:53.443313+00:00
2026-07-30,1339.0,1348.0,1330.1,1348.0,149,1348.0,2026-09-03T19:34:53.443313+00:00
2026-07-31,1315.2,1345.0,1315.2,1345.0,122,1345.0,2026-09-03T19:34:53.443313+00:00
2026-08-03,1350.0,1355.0,1346.0,1355.0,337,1355.0,2026-09-03T19:34:53.443313+00:00
2026-08-04,1330.0,1360.0,1328.0,1340.0,477,1340.0,2026-09-03T19:34:53.443313+00:00
2026-08-05,1333.1,1340.0,1332.1,1340.0,163,1340.0,2026-09-03T19:34:53.443313+00:00
2026-08-06,1323.6,1335.0,1323.6,1335.0,49,1335.0,2026-09-03T19:34:53.443313+00:00
2026-08-07,1326.0,1375.0,1326.0,1351.0,166,1351.0,2026-09-03T19:34:53.443313+00:00
2026-08-10,1351.0,1355.0,1330.0,1332.0,139,1332.0,2026-09-03T19:34:53.443313+00:00
2026-08-11,1370.0,1449.0,1355.0,1355.0,258,1355.0,2026-09-03T19:34:53.443313+00:00
2026-08-12,1355.0,1355.0,1315.0,1315.0,255,1315.0,2026-09-03T19:34:53.443313+00:00
2026-08-13,1316.0,1339.0,1316.0,1332.0,120,1332.0,2026-09-03T19:34:53.443313+00:00
2026-08-14,1300.0,1339.0,1300.0,1301.0,293,1301.0,2026-09-03T19:34:53.443313+00:00
2026-08-17,1301.0,1320.0,1280.0,1312.0,408,1312.0,2026-09-03T19:34:53.443313+00:00
2026-08-18,1300.0,1324.0,1300.0,1305.0,183,1305.0,2026-09-03T19:34:53.443313+00:00
2026-08-19,1300.0,1325.0,1295.0,1325.0,157,1325.0,2026-09-03T19:34:53.443313+00:00
2026-08-20,1300.0,1301.0,1300.0,1301.0,109,1301.0,2026-09-03T19:34:53.443313+00:00
2026-08-21,1280.1,1300.0,1264.0,1280.0,241,1280.0,2026-09-03T19:34:53.443313+00:00
2026-08-24,1250.0,1250.0,1088.0,1169.0,3860,1169.0,2026-09-03T19:34:53.443313+00:00
2026-08-25,1134.0,1170.0,1106.0,1135.8,1939,1135.8,2026-09-03T19:34:53.443313+00:00
2026-08-26,1135.0,1135.0,1126.0,1126.0,81,1126.0,2026-09-03T19:34:53.443313+00:00
2026-08-27,1125.0,1125.0,1107.0,1110.0,516,1110.0,2026-09-03T19:34:53.443313+00:00
2026-08-31,1110.0,1110.0,1010.0,1012.0,1905,1012.0,2026-09-03T19:34:53.443313+00:00
2026-09-01,1012.0,1012.0,965.0,972.2,2024,972.2,2026-09-03T19:34:53.443313+00:00
2026-09-02,965.0,993.9,965.0,970.0,958,970.0,2026-09-03T19:34:53.443313+00:00
2026-09-03,971.1,1099.0,971.1,1055.0,2068,1055.0,2026-09-03T19:34:53.443313+00:00
